id,gare_id,gestionnaire_id,solde_especes_actuel,statut,fond_roulement,opened_at,closed_at
40df1708-c970-4f98-8c46-49a5af8cce07,d1d89c1a-123b-4fc5-8137-77033415112f,56ae5099-9903-415d-8a2f-c6c6380c8e9b,0,cloturee,0,2026-07-22 09:02:47.506846+00,2026-07-22 17:16:46.289413+00
aad485e1-eb49-4e6f-ba98-1305c9e541c4,519752d6-db70-4938-a329-f7502986de68,3435e834-1494-49c8-8613-6a6753415862,0,cloturee,0,2026-08-03 08:12:37.142226+00,2026-08-03 19:17:44.105661+00
55532e3e-37ca-47e5-b058-5cf587fa11c9,e4ff8251-3db1-4ae2-a65d-78fc70fac537,873bfd1f-4b35-4d72-b773-c6299c6d117c,0,cloturee,0,2026-08-03 07:23:48.276815+00,2026-08-03 17:38:50.809414+00
feb61826-1735-40ca-9256-af910db87df2,54ac35ca-0e59-4ebd-a6fb-b0b89b26ab97,60e62047-2b6d-4ce4-971a-2fc077d486b0,0,cloturee,0,2026-07-22 07:28:19.039866+00,2026-07-23 08:28:49.175076+00
ceb4422b-6a8b-4871-89c5-4a45292d6c41,8e994bb2-eb43-4ef8-aa9f-1f59bfff30d6,20ed1188-6e90-4c5e-ac62-5827c553f29f,0,cloturee,0,2026-08-01 16:45:54.858997+00,2026-08-03 18:00:12.494404+00
da7bff4d-7582-48fa-9145-7df027f8a333,54ac35ca-0e59-4ebd-a6fb-b0b89b26ab97,60e62047-2b6d-4ce4-971a-2fc077d486b0,0,cloturee,0,2026-08-02 07:37:44.700453+00,2026-08-03 09:43:56.767514+00
73fb8aa7-f4d4-494a-8ea5-45e4d67480fe,8e994bb2-eb43-4ef8-aa9f-1f59bfff30d6,20ed1188-6e90-4c5e-ac62-5827c553f29f,0,cloturee,0,2026-08-01 16:25:25.302011+00,2026-08-01 16:25:32.029894+00
c30c34a8-9453-4c12-abc2-035ed82fffdb,7fd16429-1daa-4dde-a995-c5851e984909,8c581a4b-61eb-4570-ad30-2e3885813057,0,cloturee,0,2026-08-01 14:29:24.796903+00,2026-08-01 14:32:38.571184+00
abef07de-ea95-44e3-b6a9-c1e2f5e573e8,54ac35ca-0e59-4ebd-a6fb-b0b89b26ab97,60e62047-2b6d-4ce4-971a-2fc077d486b0,0,cloturee,0,2026-08-01 07:08:22.305223+00,2026-08-01 17:33:46.202409+00
ed8ed5e7-77f2-4fde-8daf-ab13bd0e85e7,64fa1f5a-43fa-4c58-9233-229b379a3c4a,16c0108f-a557-46ff-81c6-df6dae4e7c8b,0,cloturee,0,2026-07-30 15:45:31.024198+00,2026-07-30 16:24:01.095847+00
8445c30b-3636-4993-9a92-ac03504a0a99,d1d89c1a-123b-4fc5-8137-77033415112f,56ae5099-9903-415d-8a2f-c6c6380c8e9b,0,cloturee,0,2026-07-20 19:18:57.108379+00,2026-07-20 19:23:46.318861+00
573b8489-714b-4fc6-9a49-20f0b4264b91,54ac35ca-0e59-4ebd-a6fb-b0b89b26ab97,60e62047-2b6d-4ce4-971a-2fc077d486b0,0,cloturee,0,2026-07-20 11:21:48.318115+00,2026-07-21 08:10:23.747529+00
b1808569-985a-43dd-bded-d2d7254b69f3,4114caee-f7bc-41db-af55-adb48a19cf78,60e62047-2b6d-4ce4-971a-2fc077d486b0,0,cloturee,0,2026-07-21 08:10:36.512733+00,2026-07-21 08:10:41.843938+00
17680583-f3eb-40fe-8cc4-cb0dff079d86,d83e52d6-0b5b-4256-9dce-bd08f46ba93f,cc4bd8b3-27dd-4ea0-ac05-0e5c82e95189,0,cloturee,0,2026-07-29 14:22:54.97951+00,2026-07-29 14:24:05.383164+00
79bd1e70-573d-48da-b3be-0edaccc6bfdf,d83e52d6-0b5b-4256-9dce-bd08f46ba93f,cc4bd8b3-27dd-4ea0-ac05-0e5c82e95189,0,cloturee,0,2026-08-10 10:04:47.378037+00,2026-08-10 18:41:11.924667+00
dd18c53d-110c-4181-bc1f-dcee7e62bc73,54ac35ca-0e59-4ebd-a6fb-b0b89b26ab97,60e62047-2b6d-4ce4-971a-2fc077d486b0,0,cloturee,0,2026-07-21 08:10:53.674951+00,2026-07-22 07:28:10.61449+00
0b90ddae-6dff-4f9f-b0c9-5266cb8c2fb1,d83e52d6-0b5b-4256-9dce-bd08f46ba93f,cc4bd8b3-27dd-4ea0-ac05-0e5c82e95189,0,cloturee,0,2026-07-29 14:52:53.197373+00,2026-07-29 14:53:55.21675+00
65797cdf-e3fa-4742-b806-fbfb6d5394b9,54ac35ca-0e59-4ebd-a6fb-b0b89b26ab97,60e62047-2b6d-4ce4-971a-2fc077d486b0,0,cloturee,0,2026-07-25 07:07:41.838513+00,2026-07-25 17:51:44.173902+00
7ae24f91-0383-4c53-89c0-8d84371f8dee,d83e52d6-0b5b-4256-9dce-bd08f46ba93f,cc4bd8b3-27dd-4ea0-ac05-0e5c82e95189,0,cloturee,0,2026-08-03 07:56:09.830131+00,2026-08-03 19:08:37.015957+00
5e180258-0018-4e0f-8406-8bdec8607bd0,d1d89c1a-123b-4fc5-8137-77033415112f,56ae5099-9903-415d-8a2f-c6c6380c8e9b,0,cloturee,0,2026-07-23 07:43:02.65316+00,2026-07-23 17:28:35.246665+00
c846eba5-3c9b-4c95-b6a9-2a462f9e27fe,75af971e-d728-45a6-b46e-0a066dbef01f,639997fb-e739-4aac-a900-82a95973c5e3,0,cloturee,0,2026-08-03 08:39:17.462136+00,2026-08-03 18:03:37.578598+00
b8ce70dd-3b79-4263-9f1a-8607dc914c7a,519752d6-db70-4938-a329-f7502986de68,3435e834-1494-49c8-8613-6a6753415862,0,cloturee,0,2026-07-23 17:52:50.483396+00,2026-07-23 17:57:32.460343+00
4f0a27e4-86cb-478f-8d3e-38702efad066,d1d89c1a-123b-4fc5-8137-77033415112f,56ae5099-9903-415d-8a2f-c6c6380c8e9b,0,cloturee,0,2026-07-27 07:43:54.330709+00,2026-07-27 17:39:09.957183+00
eb2e73c6-6634-466d-89c6-b7a81566961f,54ac35ca-0e59-4ebd-a6fb-b0b89b26ab97,60e62047-2b6d-4ce4-971a-2fc077d486b0,0,cloturee,0,2026-07-26 12:35:37.959285+00,2026-07-26 18:22:40.02611+00
ea5b4e97-eb09-4399-b834-3418ae9a1d84,519752d6-db70-4938-a329-f7502986de68,3435e834-1494-49c8-8613-6a6753415862,0,cloturee,0,2026-07-23 18:02:13.150259+00,2026-07-23 18:05:31.25434+00
6c4cc9d7-4c5b-4b51-b46f-59b53d6d1ed7,54ac35ca-0e59-4ebd-a6fb-b0b89b26ab97,60e62047-2b6d-4ce4-971a-2fc077d486b0,0,cloturee,0,2026-07-23 08:28:56.422452+00,2026-07-24 07:10:53.205179+00
6678471e-6b48-4c79-84ef-e78e42452287,f9089d44-f620-4cf1-a6ef-1cdce0b7eddf,e7291eed-faf2-4804-994d-ca5977625f7a,0,cloturee,0,2026-07-25 09:29:00.983504+00,2026-07-27 07:23:48.678658+00
0aa0b0eb-ee28-41e6-9ce1-3bd5c0beff93,e4ff8251-3db1-4ae2-a65d-78fc70fac537,873bfd1f-4b35-4d72-b773-c6299c6d117c,0,cloturee,0,2026-07-31 14:56:24.896613+00,2026-07-31 14:58:23.427503+00
e7bab13e-f2a3-405e-afb5-0bbdd13e10af,24161529-e693-466d-9b90-bdc537ceba9b,38c85a7a-d9be-415a-82b0-10a62ad404bc,0,cloturee,0,2026-08-03 15:44:34.195676+00,2026-08-03 17:02:51.597259+00
9916b1df-20bd-4339-81c3-fa108f020478,75af971e-d728-45a6-b46e-0a066dbef01f,639997fb-e739-4aac-a900-82a95973c5e3,0,cloturee,0,2026-07-31 11:25:56.277936+00,2026-07-31 11:42:10.062932+00
cad9623a-a1ce-41b2-bde0-05e84bc4b079,e4ff8251-3db1-4ae2-a65d-78fc70fac537,873bfd1f-4b35-4d72-b773-c6299c6d117c,0,cloturee,0,2026-07-31 14:58:52.55618+00,2026-07-31 15:06:29.004225+00
a2344d8b-9b7e-4c12-88e7-ec6b3fd22064,519752d6-db70-4938-a329-f7502986de68,3435e834-1494-49c8-8613-6a6753415862,0,cloturee,1000,2026-07-24 08:43:14.926044+00,2026-07-25 08:07:37.332021+00
4260ef21-67a4-4d3d-8c35-f953fb9a73d1,64fa1f5a-43fa-4c58-9233-229b379a3c4a,16c0108f-a557-46ff-81c6-df6dae4e7c8b,0,cloturee,0,2026-07-30 15:29:09.79838+00,2026-07-30 15:34:31.174763+00
e687a536-9379-4413-aa6e-a9d2d93e4dea,e4ff8251-3db1-4ae2-a65d-78fc70fac537,873bfd1f-4b35-4d72-b773-c6299c6d117c,0,cloturee,0,2026-07-31 15:14:39.729825+00,2026-07-31 18:13:54.643596+00
976bdc43-ae84-40b7-a077-8183d2ce747e,54ac35ca-0e59-4ebd-a6fb-b0b89b26ab97,60e62047-2b6d-4ce4-971a-2fc077d486b0,0,cloturee,0,2026-07-27 11:16:45.842712+00,2026-07-28 10:20:17.009363+00
459795f4-766d-4162-998c-0523f3467c39,54ac35ca-0e59-4ebd-a6fb-b0b89b26ab97,60e62047-2b6d-4ce4-971a-2fc077d486b0,0,cloturee,0,2026-07-29 09:48:41.861916+00,2026-07-29 17:49:51.747279+00
0dfe8d2a-12f1-4671-a11a-0c5db1ab1619,f9089d44-f620-4cf1-a6ef-1cdce0b7eddf,e7291eed-faf2-4804-994d-ca5977625f7a,0,cloturee,0,2026-07-24 07:35:53.545307+00,2026-07-25 09:28:35.578172+00
aeb757f1-b18e-475d-93f7-ac6f4562a824,f9089d44-f620-4cf1-a6ef-1cdce0b7eddf,e7291eed-faf2-4804-994d-ca5977625f7a,0,cloturee,0,2026-07-29 07:33:30.2313+00,2026-07-29 18:35:35.233823+00
23aeebbd-2865-452d-a637-a767fb7fa449,f9089d44-f620-4cf1-a6ef-1cdce0b7eddf,e7291eed-faf2-4804-994d-ca5977625f7a,0,cloturee,0,2026-07-28 07:09:16.811471+00,2026-07-28 18:17:14.20811+00
e69d1da0-e52c-466d-9d1c-33e5b60c3ba7,54ac35ca-0e59-4ebd-a6fb-b0b89b26ab97,60e62047-2b6d-4ce4-971a-2fc077d486b0,0,cloturee,0,2026-07-28 10:20:23.205817+00,2026-07-28 18:44:46.019435+00
75285305-208f-4456-89f2-7bea8de7bd7e,24161529-e693-466d-9b90-bdc537ceba9b,38c85a7a-d9be-415a-82b0-10a62ad404bc,0,cloturee,0,2026-08-01 18:01:12.084959+00,2026-08-01 18:01:46.948667+00
659f1979-3ca5-4b0e-9618-53f0a85230a0,519752d6-db70-4938-a329-f7502986de68,3435e834-1494-49c8-8613-6a6753415862,0,cloturee,0,2026-07-29 19:08:01.182697+00,2026-07-29 19:11:32.030972+00
58a4701c-9c2c-45b7-a527-447f4d7e0bba,7fd16429-1daa-4dde-a995-c5851e984909,8c581a4b-61eb-4570-ad30-2e3885813057,0,cloturee,0,2026-08-01 14:39:49.217698+00,2026-08-01 14:44:15.699615+00
7543a30b-0648-423d-a15d-7af71befa546,54ac35ca-0e59-4ebd-a6fb-b0b89b26ab97,60e62047-2b6d-4ce4-971a-2fc077d486b0,0,cloturee,0,2026-07-31 09:43:40.63447+00,2026-08-01 07:08:13.250538+00
a3b35a92-1dff-47f8-9470-5e00c202c97a,f9089d44-f620-4cf1-a6ef-1cdce0b7eddf,e7291eed-faf2-4804-994d-ca5977625f7a,0,cloturee,0,2026-08-01 07:58:57.268033+00,2026-08-01 18:06:51.574076+00
76411108-dbc1-43ef-a35d-f7c6102bd575,d1d89c1a-123b-4fc5-8137-77033415112f,56ae5099-9903-415d-8a2f-c6c6380c8e9b,0,cloturee,0,2026-07-30 07:36:09.000288+00,2026-07-30 17:39:58.829311+00
f413f951-6642-4a8a-9680-0cb43dc93a8b,7fd16429-1daa-4dde-a995-c5851e984909,8c581a4b-61eb-4570-ad30-2e3885813057,0,cloturee,0,2026-08-01 14:46:28.805809+00,2026-08-01 14:48:54.599996+00
51220c3a-e538-4b69-a060-bfe7fef8bdb8,519752d6-db70-4938-a329-f7502986de68,3435e834-1494-49c8-8613-6a6753415862,0,cloturee,0,2026-07-30 07:57:12.418689+00,2026-07-30 18:49:35.571869+00
e14cf021-9d15-45c2-883f-d40b1ce65d3e,7fd16429-1daa-4dde-a995-c5851e984909,8c581a4b-61eb-4570-ad30-2e3885813057,0,cloturee,0,2026-08-01 14:04:38.909051+00,2026-08-01 14:21:06.399499+00
16515d07-710c-4305-b3dc-eb1d9633947a,d83e52d6-0b5b-4256-9dce-bd08f46ba93f,cc4bd8b3-27dd-4ea0-ac05-0e5c82e95189,0,cloturee,0,2026-07-31 07:55:29.356678+00,2026-08-01 08:21:01.683192+00
d51c2f21-df2a-4aa1-a714-fecc9b493974,8e994bb2-eb43-4ef8-aa9f-1f59bfff30d6,20ed1188-6e90-4c5e-ac62-5827c553f29f,0,cloturee,0,2026-08-01 16:23:23.300671+00,2026-08-01 16:23:44.62398+00
139bb8d8-842e-4022-bc2f-d4da3359d1fb,54ac35ca-0e59-4ebd-a6fb-b0b89b26ab97,60e62047-2b6d-4ce4-971a-2fc077d486b0,0,cloturee,0,2026-07-16 14:55:30.396973+00,2026-07-19 09:50:16.292553+00
924e1621-5d45-4829-acf3-43042d640d34,54ac35ca-0e59-4ebd-a6fb-b0b89b26ab97,5002bd8a-ce6a-42a9-b9b1-99aed7060067,0,cloturee,1000,2026-07-15 16:34:34.481744+00,2026-07-19 09:50:16.292553+00
03de8563-b09f-4094-94d8-d8bad673c265,7fd16429-1daa-4dde-a995-c5851e984909,255d4a40-76db-461f-85d5-e70f33ee3f9f,0,cloturee,0,2026-07-11 07:12:01.067434+00,2026-07-19 09:50:16.292553+00
be941d10-191f-4194-ad4f-9be03e93593c,54ac35ca-0e59-4ebd-a6fb-b0b89b26ab97,60e62047-2b6d-4ce4-971a-2fc077d486b0,0,cloturee,0,2026-07-17 12:22:30.614123+00,2026-07-19 09:50:16.292553+00
87a8588e-48f6-4209-9184-d99508c0e6ec,54ac35ca-0e59-4ebd-a6fb-b0b89b26ab97,60e62047-2b6d-4ce4-971a-2fc077d486b0,0,cloturee,0,2026-07-17 14:19:21.472652+00,2026-07-19 09:50:16.292553+00
374ccfab-c407-47fd-952a-ec232b13d39d,75af971e-d728-45a6-b46e-0a066dbef01f,639997fb-e739-4aac-a900-82a95973c5e3,0,cloturee,0,2026-08-01 08:27:47.54651+00,2026-08-01 17:29:21.836373+00
d0c24af3-816e-4385-8163-85ccdf32550d,d83e52d6-0b5b-4256-9dce-bd08f46ba93f,cc4bd8b3-27dd-4ea0-ac05-0e5c82e95189,0,cloturee,0,2026-08-01 08:21:14.941288+00,2026-08-03 07:55:57.026328+00
f4592c6e-a346-4953-90d9-38ee8f132313,519752d6-db70-4938-a329-f7502986de68,3435e834-1494-49c8-8613-6a6753415862,0,cloturee,0,2026-08-01 10:52:51.166502+00,2026-08-03 08:12:16.45719+00
2fdfbbca-609c-4e98-a6e1-79b740ac5923,f9089d44-f620-4cf1-a6ef-1cdce0b7eddf,e7291eed-faf2-4804-994d-ca5977625f7a,0,cloturee,0,2026-07-17 18:33:49.004686+00,2026-07-19 09:50:16.292553+00
d9ed827d-5bf3-462e-b9c3-f012c5be2fe9,54ac35ca-0e59-4ebd-a6fb-b0b89b26ab97,60e62047-2b6d-4ce4-971a-2fc077d486b0,0,cloturee,0,2026-07-17 14:30:32.335751+00,2026-07-19 09:50:16.292553+00
c5167b9e-1d21-414d-a024-462831844ec7,7fd16429-1daa-4dde-a995-c5851e984909,f7e70307-cf97-4da7-a5a1-6ca84939116d,0,cloturee,0,2026-07-15 05:05:07.473362+00,2026-07-19 09:50:16.292553+00
adb04f05-03c5-4598-a5f9-dd21f52bc281,7fd16429-1daa-4dde-a995-c5851e984909,b30bbd1b-999c-4c4a-bdbf-0af71236ad01,0,cloturee,0,2026-07-14 14:52:28.438775+00,2026-07-19 09:50:16.292553+00
ce34a669-96e9-437a-bff8-0b553fb0eb2c,7fd16429-1daa-4dde-a995-c5851e984909,83d6b81c-7135-4c29-b91d-14b4199faef9,0,cloturee,0,2026-07-11 11:48:36.186967+00,2026-07-19 09:50:16.292553+00
6b707a38-470c-49f2-9a1d-18d65c8240a7,7fd16429-1daa-4dde-a995-c5851e984909,5d34492f-d720-4957-8f22-9a106a143d69,0,cloturee,0,2026-07-11 00:47:17.237173+00,2026-07-19 09:50:16.292553+00
35083aa2-c5d0-47f3-875d-ea022985f27e,54ac35ca-0e59-4ebd-a6fb-b0b89b26ab97,ee440a99-c55b-408d-a343-fa9deb6ce31a,0,cloturee,0,2026-07-15 16:06:21.469746+00,2026-07-19 09:50:16.292553+00
dbc8abb7-25b8-4563-8b12-05a9acc5a231,54ac35ca-0e59-4ebd-a6fb-b0b89b26ab97,f21ab846-cd06-4980-8d9f-2cd1bba458f2,0,cloturee,0,2026-07-16 09:05:33.699025+00,2026-07-19 09:50:16.292553+00
30c9d699-5383-482f-9aec-9313893ba21f,54ac35ca-0e59-4ebd-a6fb-b0b89b26ab97,2226c5bd-b144-416e-b2f4-a32076455231,0,cloturee,0,2026-07-15 17:02:24.839088+00,2026-07-19 09:50:16.292553+00
ba73f83f-bb77-4a94-8d61-1686a56b3a93,54ac35ca-0e59-4ebd-a6fb-b0b89b26ab97,92a5bbf8-906d-4a57-b846-ecea68c6bcf3,0,cloturee,0,2026-07-15 13:26:41.81316+00,2026-07-19 09:50:16.292553+00
93a39eb5-8f47-487e-a6f4-8239cce20e3f,519752d6-db70-4938-a329-f7502986de68,3435e834-1494-49c8-8613-6a6753415862,0,cloturee,0,2026-07-18 17:10:39.651865+00,2026-07-19 09:50:16.292553+00
8bb8213f-cad4-43f1-a741-6db7f52b0695,54ac35ca-0e59-4ebd-a6fb-b0b89b26ab97,60e62047-2b6d-4ce4-971a-2fc077d486b0,0,cloturee,0,2026-07-18 11:05:22.77241+00,2026-07-19 09:50:16.292553+00
dcd28aec-939b-46a3-b97d-f2b3f18a86ce,f9089d44-f620-4cf1-a6ef-1cdce0b7eddf,e7291eed-faf2-4804-994d-ca5977625f7a,0,cloturee,0,2026-07-17 18:46:30.239915+00,2026-07-19 09:50:16.292553+00
65e95e94-861d-4066-bd8f-456b923d8841,f9089d44-f620-4cf1-a6ef-1cdce0b7eddf,e7291eed-faf2-4804-994d-ca5977625f7a,0,cloturee,0,2026-07-18 20:37:21.132586+00,2026-07-19 09:50:16.292553+00
f0204c8f-9b14-46dc-9754-0d87e5da2556,7fd16429-1daa-4dde-a995-c5851e984909,8c581a4b-61eb-4570-ad30-2e3885813057,0,cloturee,0,2026-08-03 07:32:57.577853+00,2026-08-03 17:40:01.864825+00
ce5556af-6783-480a-8708-e80fe2647c21,54ac35ca-0e59-4ebd-a6fb-b0b89b26ab97,60e62047-2b6d-4ce4-971a-2fc077d486b0,0,cloturee,0,2026-07-19 10:54:54.482762+00,2026-07-19 16:05:22.198806+00
a95eb3eb-880e-46bf-962b-a044a5d8ea8e,d1d89c1a-123b-4fc5-8137-77033415112f,56ae5099-9903-415d-8a2f-c6c6380c8e9b,0,cloturee,0,2026-07-31 07:30:46.836414+00,2026-07-31 17:33:42.208665+00
f4a75ba4-66da-4724-b6e2-53220379f4b2,f9089d44-f620-4cf1-a6ef-1cdce0b7eddf,e7291eed-faf2-4804-994d-ca5977625f7a,0,cloturee,0,2026-07-22 07:39:13.298478+00,2026-07-22 21:00:07.963748+00
185b093c-a532-43cf-a10c-96757d9c9d4a,54ac35ca-0e59-4ebd-a6fb-b0b89b26ab97,60e62047-2b6d-4ce4-971a-2fc077d486b0,0,cloturee,0,2026-07-30 07:10:35.517929+00,2026-07-30 17:54:04.745367+00
85d81224-3c5d-476e-a8ec-6755af5935e6,7fd16429-1daa-4dde-a995-c5851e984909,8c581a4b-61eb-4570-ad30-2e3885813057,0,cloturee,0,2026-08-01 13:56:15.484461+00,2026-08-01 14:01:08.139593+00
4f2faeb4-a138-40b0-a653-f525670d7345,f9089d44-f620-4cf1-a6ef-1cdce0b7eddf,e7291eed-faf2-4804-994d-ca5977625f7a,0,cloturee,0,2026-07-30 07:45:35.169145+00,2026-07-30 18:24:48.570777+00
25a4d779-df99-4b64-856f-efab66f9a422,d83e52d6-0b5b-4256-9dce-bd08f46ba93f,cc4bd8b3-27dd-4ea0-ac05-0e5c82e95189,0,cloturee,0,2026-07-29 14:54:37.243156+00,2026-07-30 10:31:52.691956+00
a4750441-42f8-4d31-92ef-b2c823d9755a,519752d6-db70-4938-a329-f7502986de68,3435e834-1494-49c8-8613-6a6753415862,0,cloturee,0,2026-07-23 17:57:42.7183+00,2026-07-23 18:01:44.974235+00
f7b52afd-6d91-4d8b-8d76-724983a37746,f9089d44-f620-4cf1-a6ef-1cdce0b7eddf,e7291eed-faf2-4804-994d-ca5977625f7a,0,cloturee,0,2026-07-23 08:13:18.436291+00,2026-07-23 18:13:38.497672+00
3e4b93e3-4541-43bf-b7c8-877fac5fd18a,f9089d44-f620-4cf1-a6ef-1cdce0b7eddf,e7291eed-faf2-4804-994d-ca5977625f7a,0,cloturee,0,2026-07-20 08:11:10.810197+00,2026-07-20 20:12:12.011941+00
0476b5eb-b1e9-42ff-b012-dd91eb39da03,d83e52d6-0b5b-4256-9dce-bd08f46ba93f,cc4bd8b3-27dd-4ea0-ac05-0e5c82e95189,0,cloturee,0,2026-07-29 14:10:55.20629+00,2026-07-29 14:21:46.597944+00
d8b32d7d-6813-4dc4-b2ff-bce4b856f8e0,4114caee-f7bc-41db-af55-adb48a19cf78,60e62047-2b6d-4ce4-971a-2fc077d486b0,0,cloturee,0,2026-07-21 08:10:44.147337+00,2026-07-21 08:10:48.610949+00
fc3a4760-7829-42b6-826b-01c909c1278e,64fa1f5a-43fa-4c58-9233-229b379a3c4a,16c0108f-a557-46ff-81c6-df6dae4e7c8b,0,cloturee,0,2026-07-30 16:24:05.965409+00,2026-07-31 18:24:23.839879+00
1d488cc8-e2b1-412b-82b9-e283c554453b,f9089d44-f620-4cf1-a6ef-1cdce0b7eddf,e7291eed-faf2-4804-994d-ca5977625f7a,0,cloturee,0,2026-07-27 07:23:55.054019+00,2026-07-27 18:40:41.202196+00
e41058f2-77a0-49bf-80e0-8eb5bf943e64,d1d89c1a-123b-4fc5-8137-77033415112f,56ae5099-9903-415d-8a2f-c6c6380c8e9b,0,cloturee,0,2026-07-25 07:33:57.05406+00,2026-07-25 17:41:25.978086+00
0dbedf86-3017-40cc-b535-c46c3f94865e,d83e52d6-0b5b-4256-9dce-bd08f46ba93f,cc4bd8b3-27dd-4ea0-ac05-0e5c82e95189,0,cloturee,0,2026-07-30 10:32:07.229031+00,2026-07-31 07:54:47.331983+00
1eb1a846-046f-4528-ad1c-aacd091a1889,d1d89c1a-123b-4fc5-8137-77033415112f,56ae5099-9903-415d-8a2f-c6c6380c8e9b,0,cloturee,0,2026-07-28 07:44:52.489129+00,2026-07-28 17:21:54.21503+00
e2969116-c960-4eaa-a8e2-11e5b98efca3,d1d89c1a-123b-4fc5-8137-77033415112f,56ae5099-9903-415d-8a2f-c6c6380c8e9b,0,cloturee,0,2026-07-29 07:33:39.607081+00,2026-07-29 17:44:35.65508+00
4395e3c2-a30d-4a54-bc4a-74c58b6ba81d,e4ff8251-3db1-4ae2-a65d-78fc70fac537,873bfd1f-4b35-4d72-b773-c6299c6d117c,0,cloturee,0,2026-07-31 14:58:28.490772+00,2026-07-31 14:58:41.561394+00
b2c345d2-5644-4d6d-b4ab-1b596a89d5fe,519752d6-db70-4938-a329-f7502986de68,3435e834-1494-49c8-8613-6a6753415862,0,cloturee,1000,2026-07-25 08:09:13.914874+00,2026-07-29 19:06:37.586272+00
bb3624d5-527b-4681-9e2a-775efe91f541,d83e52d6-0b5b-4256-9dce-bd08f46ba93f,cc4bd8b3-27dd-4ea0-ac05-0e5c82e95189,0,cloturee,0,2026-07-29 14:39:50.981657+00,2026-07-29 14:52:41.537711+00
6d2c0ead-4d21-4ace-8879-15dd41f9b49c,f9089d44-f620-4cf1-a6ef-1cdce0b7eddf,e7291eed-faf2-4804-994d-ca5977625f7a,0,cloturee,0,2026-07-21 08:13:32.711355+00,2026-07-22 07:38:58.124179+00
3598c22c-4c45-4aca-a216-2f415f23ab42,54ac35ca-0e59-4ebd-a6fb-b0b89b26ab97,60e62047-2b6d-4ce4-971a-2fc077d486b0,0,cloturee,0,2026-07-24 07:11:01.161895+00,2026-07-25 07:07:34.598671+00
0e078c10-c6ea-46ed-badd-0aec66963058,d1d89c1a-123b-4fc5-8137-77033415112f,56ae5099-9903-415d-8a2f-c6c6380c8e9b,0,cloturee,0,2026-07-24 07:35:55.513714+00,2026-07-25 07:33:45.814804+00
082db140-2e7e-4bc8-b66b-aa59845e1bf0,64fa1f5a-43fa-4c58-9233-229b379a3c4a,16c0108f-a557-46ff-81c6-df6dae4e7c8b,0,cloturee,0,2026-07-30 15:38:42.380949+00,2026-07-30 15:44:55.098627+00
a353dee1-d40b-4e87-8e44-77882691401d,d1d89c1a-123b-4fc5-8137-77033415112f,56ae5099-9903-415d-8a2f-c6c6380c8e9b,0,cloturee,0,2026-07-20 20:38:29.558585+00,2026-07-22 09:01:33.49834+00
bea16426-f7db-4f88-984d-9d8ccd927eea,519752d6-db70-4938-a329-f7502986de68,3435e834-1494-49c8-8613-6a6753415862,0,cloturee,0,2026-07-31 10:47:33.896454+00,2026-07-31 18:25:23.296541+00
f81e84e6-4a40-4749-b97a-1c45a6369b3c,75af971e-d728-45a6-b46e-0a066dbef01f,639997fb-e739-4aac-a900-82a95973c5e3,0,cloturee,0,2026-07-31 11:51:21.235318+00,2026-07-31 18:36:43.943676+00
de3de033-bfa1-4970-a22b-0bb47926617c,f9089d44-f620-4cf1-a6ef-1cdce0b7eddf,e7291eed-faf2-4804-994d-ca5977625f7a,0,cloturee,0,2026-07-31 08:17:59.32651+00,2026-07-31 18:45:14.345165+00
fce44df1-9cc4-4f4e-b194-814f2a35ee0f,e4ff8251-3db1-4ae2-a65d-78fc70fac537,873bfd1f-4b35-4d72-b773-c6299c6d117c,0,cloturee,0,2026-07-31 15:07:13.756444+00,2026-07-31 15:12:37.494293+00
8b9add42-2511-4709-a618-375586a3af95,e4ff8251-3db1-4ae2-a65d-78fc70fac537,873bfd1f-4b35-4d72-b773-c6299c6d117c,0,cloturee,0,2026-08-01 07:05:01.080022+00,2026-08-01 17:20:15.773732+00
73fce7e7-4e6f-4b60-ac73-b8866821e9c2,7fd16429-1daa-4dde-a995-c5851e984909,8c581a4b-61eb-4570-ad30-2e3885813057,0,cloturee,0,2026-08-01 14:22:52.578405+00,2026-08-01 14:27:26.659724+00
e6650a83-c423-47c7-9059-cda98f7da7c5,7fd16429-1daa-4dde-a995-c5851e984909,8c581a4b-61eb-4570-ad30-2e3885813057,0,cloturee,0,2026-08-01 14:35:42.178336+00,2026-08-01 14:38:10.663484+00
2ac79297-35d1-4349-b7a5-f292f15bd396,7fd16429-1daa-4dde-a995-c5851e984909,8c581a4b-61eb-4570-ad30-2e3885813057,0,cloturee,0,2026-08-01 14:44:45.792363+00,2026-08-01 14:45:52.650538+00
5a49c05d-2ed6-4a38-8ea2-16c338a4d1b3,8e994bb2-eb43-4ef8-aa9f-1f59bfff30d6,20ed1188-6e90-4c5e-ac62-5827c553f29f,0,cloturee,0,2026-08-01 16:24:31.617654+00,2026-08-01 16:24:52.558091+00
840c6c6f-2783-42fc-84f9-ec617fa10c1f,d1d89c1a-123b-4fc5-8137-77033415112f,56ae5099-9903-415d-8a2f-c6c6380c8e9b,0,cloturee,0,2026-08-01 07:40:08.700585+00,2026-08-01 17:33:56.307469+00
25c91321-ba12-49bc-b494-1590392123c8,7fd16429-1daa-4dde-a995-c5851e984909,8c581a4b-61eb-4570-ad30-2e3885813057,0,cloturee,0,2026-08-01 14:51:04.603493+00,2026-08-01 17:26:28.889169+00
1d4ce630-77c2-4700-b275-3fd42ad12c4d,8e994bb2-eb43-4ef8-aa9f-1f59bfff30d6,20ed1188-6e90-4c5e-ac62-5827c553f29f,0,cloturee,0,2026-08-01 16:25:43.894724+00,2026-08-01 16:44:54.337052+00
3fea9321-ded2-467c-81c9-f965d6ebee5e,24161529-e693-466d-9b90-bdc537ceba9b,38c85a7a-d9be-415a-82b0-10a62ad404bc,0,cloturee,0,2026-08-01 17:58:51.843464+00,2026-08-01 17:59:26.11517+00
d9643f5c-19fa-4a95-8efb-469d2fb29188,64fa1f5a-43fa-4c58-9233-229b379a3c4a,16c0108f-a557-46ff-81c6-df6dae4e7c8b,0,cloturee,0,2026-08-01 10:39:00.523509+00,2026-08-01 18:00:30.009229+00
8d669064-447b-4907-a94c-1be262db11c3,24161529-e693-466d-9b90-bdc537ceba9b,38c85a7a-d9be-415a-82b0-10a62ad404bc,0,cloturee,0,2026-08-01 18:02:38.912657+00,2026-08-01 18:20:23.281522+00
ea6a9eb3-7661-4960-99c6-c66334c45bde,5add5ae6-f450-404d-8523-4935dff50ceb,85d813ad-43ac-4336-99aa-b4db2111f4ae,0,ouverte,0,2026-08-02 23:32:39.299545+00,
1f6f66cd-4694-4746-ad62-c58da2f7240b,75af971e-d728-45a6-b46e-0a066dbef01f,639997fb-e739-4aac-a900-82a95973c5e3,0,cloturee,0,2026-08-10 08:37:36.363574+00,2026-08-10 17:22:46.790042+00
4d6b22e2-8373-40fe-bafb-0b33976fa051,64fa1f5a-43fa-4c58-9233-229b379a3c4a,16c0108f-a557-46ff-81c6-df6dae4e7c8b,0,cloturee,0,2026-08-03 09:08:05.652721+00,2026-08-03 18:08:23.363129+00
8247c670-d2f6-492a-828b-d2acd91f5600,f9089d44-f620-4cf1-a6ef-1cdce0b7eddf,e7291eed-faf2-4804-994d-ca5977625f7a,0,cloturee,0,2026-08-03 08:34:20.188139+00,2026-08-03 18:26:27.97085+00
4cb98e8b-ca58-40ea-9b39-d83207415479,24161529-e693-466d-9b90-bdc537ceba9b,38c85a7a-d9be-415a-82b0-10a62ad404bc,0,cloturee,0,2026-08-17 07:41:00.00544+00,2026-08-17 17:19:16.032375+00
1175b351-ffbd-42e5-90bd-22643d245005,54ac35ca-0e59-4ebd-a6fb-b0b89b26ab97,60e62047-2b6d-4ce4-971a-2fc077d486b0,0,cloturee,0,2026-08-03 09:44:29.948191+00,2026-08-03 18:50:42.181624+00
de86dd8b-1923-43fc-8c76-2b7969dc7c35,64fa1f5a-43fa-4c58-9233-229b379a3c4a,16c0108f-a557-46ff-81c6-df6dae4e7c8b,0,cloturee,0,2026-08-10 08:53:06.450292+00,2026-08-10 18:03:22.046009+00
f54143f8-c0a8-4daf-953c-75541efdbd70,7fd16429-1daa-4dde-a995-c5851e984909,8c581a4b-61eb-4570-ad30-2e3885813057,0,cloturee,0,2026-08-10 07:25:13.350854+00,2026-08-10 17:07:40.454939+00
df3b5200-f664-4fba-a79e-23142a98a9bc,54ac35ca-0e59-4ebd-a6fb-b0b89b26ab97,60e62047-2b6d-4ce4-971a-2fc077d486b0,0,cloturee,0,2026-08-10 07:55:40.233817+00,2026-08-10 17:54:52.55818+00
eb285471-7db5-4b95-a5dc-0251566a31d5,e4ff8251-3db1-4ae2-a65d-78fc70fac537,873bfd1f-4b35-4d72-b773-c6299c6d117c,0,cloturee,0,2026-08-11 06:53:31.98819+00,2026-08-11 17:22:09.531718+00
40a5e1aa-cf97-4a9a-bcad-ade273227a32,24161529-e693-466d-9b90-bdc537ceba9b,38c85a7a-d9be-415a-82b0-10a62ad404bc,0,cloturee,0,2026-08-06 07:41:05.699819+00,2026-08-06 17:31:15.997078+00
7095b30f-61b9-41c7-83af-15eadd6c1a74,24161529-e693-466d-9b90-bdc537ceba9b,38c85a7a-d9be-415a-82b0-10a62ad404bc,0,cloturee,0,2026-08-11 07:34:58.048423+00,2026-08-11 17:40:05.974549+00
ce4c3a67-6a39-473e-a8bc-0e86fad26bea,7fd16429-1daa-4dde-a995-c5851e984909,8c581a4b-61eb-4570-ad30-2e3885813057,0,cloturee,0,2026-08-04 08:00:04.503196+00,2026-08-04 17:27:21.187194+00
876649b4-aed3-441c-935e-f270ce562791,d1d89c1a-123b-4fc5-8137-77033415112f,56ae5099-9903-415d-8a2f-c6c6380c8e9b,0,cloturee,0,2026-08-04 07:38:09.150773+00,2026-08-04 17:28:33.166974+00
7fcf3a7e-383c-4477-b22f-f1aecc72b2c3,d83e52d6-0b5b-4256-9dce-bd08f46ba93f,cc4bd8b3-27dd-4ea0-ac05-0e5c82e95189,0,cloturee,0,2026-08-05 07:50:12.193536+00,2026-08-07 07:51:33.41743+00
508de22c-fd6b-450b-a7e8-700e2587afc9,e4ff8251-3db1-4ae2-a65d-78fc70fac537,873bfd1f-4b35-4d72-b773-c6299c6d117c,0,cloturee,0,2026-08-06 07:28:43.927471+00,2026-08-06 17:31:23.789873+00
be4c05b5-b587-4483-9807-52209cb2c531,24161529-e693-466d-9b90-bdc537ceba9b,38c85a7a-d9be-415a-82b0-10a62ad404bc,0,cloturee,0,2026-08-04 16:11:56.495577+00,2026-08-04 17:49:28.525644+00
ffbdc9df-88c6-4ad2-94c0-92b6f774924e,0dd2ae5a-b59b-4e34-885d-2c897ba42e89,20ed1188-6e90-4c5e-ac62-5827c553f29f,0,cloturee,0,2026-08-04 07:38:45.4897+00,2026-08-04 12:32:34.359807+00
63783bc7-e38b-4cb9-b6e1-9b80b8c3a9c6,f9089d44-f620-4cf1-a6ef-1cdce0b7eddf,e7291eed-faf2-4804-994d-ca5977625f7a,0,cloturee,0,2026-08-04 07:27:43.572374+00,2026-08-04 18:17:52.373106+00
bbb4ff5b-94bb-41cb-bf75-433a12fcda17,64fa1f5a-43fa-4c58-9233-229b379a3c4a,16c0108f-a557-46ff-81c6-df6dae4e7c8b,0,cloturee,0,2026-08-04 08:57:06.908381+00,2026-08-04 18:26:59.588582+00
326e29b4-7f3d-4bf5-87f2-36c309af0445,d83e52d6-0b5b-4256-9dce-bd08f46ba93f,cc4bd8b3-27dd-4ea0-ac05-0e5c82e95189,0,cloturee,0,2026-08-04 11:54:56.853094+00,2026-08-04 18:36:14.435958+00
4ec08d0d-dab9-4cce-b0eb-a791307f4043,7fd16429-1daa-4dde-a995-c5851e984909,8c581a4b-61eb-4570-ad30-2e3885813057,0,cloturee,0,2026-08-05 08:34:49.514651+00,2026-08-06 08:26:20.261884+00
c1af5842-7718-4c0c-8747-1a5578f4e7ef,f9089d44-f620-4cf1-a6ef-1cdce0b7eddf,e7291eed-faf2-4804-994d-ca5977625f7a,0,cloturee,0,2026-08-08 08:13:05.064957+00,2026-08-08 18:12:48.798878+00
328e8b40-bd36-4d5c-8e68-e5dec8847301,8e994bb2-eb43-4ef8-aa9f-1f59bfff30d6,20ed1188-6e90-4c5e-ac62-5827c553f29f,0,cloturee,0,2026-08-04 12:33:16.62494+00,2026-08-04 18:55:58.217098+00
eb1625cf-cced-4485-8217-7926f3daecef,8e994bb2-eb43-4ef8-aa9f-1f59bfff30d6,352598b5-076a-4e5f-83f7-d2e0d710dc6e,0,ouverte,0,2026-08-05 00:11:46.537002+00,
78137a37-f7c7-4aa3-a1d8-efb3464fdbc1,54ac35ca-0e59-4ebd-a6fb-b0b89b26ab97,60e62047-2b6d-4ce4-971a-2fc077d486b0,0,cloturee,0,2026-08-04 07:23:46.851161+00,2026-08-05 07:09:31.121815+00
e7076de1-2ce8-42cb-b2b7-12ada6344685,097e29c2-4cbb-4329-9e42-49712882d084,3435e834-1494-49c8-8613-6a6753415862,0,cloturee,0,2026-08-06 08:35:37.891738+00,2026-08-06 08:38:09.991062+00
82c81d47-61af-4f1a-8f3b-9daafa598985,7fd16429-1daa-4dde-a995-c5851e984909,8c581a4b-61eb-4570-ad30-2e3885813057,0,cloturee,0,2026-08-06 08:50:36.392641+00,2026-08-06 17:39:37.888788+00
447479c4-384f-45e8-83ca-2a22bfda898e,64fa1f5a-43fa-4c58-9233-229b379a3c4a,16c0108f-a557-46ff-81c6-df6dae4e7c8b,0,cloturee,0,2026-08-08 09:11:57.541927+00,2026-08-08 18:29:41.80515+00
182e1622-05a7-4d5d-bd7f-203ead22175d,d1d89c1a-123b-4fc5-8137-77033415112f,56ae5099-9903-415d-8a2f-c6c6380c8e9b,0,cloturee,0,2026-08-06 09:56:02.129016+00,2026-08-06 17:59:01.878269+00
8b5c355f-805e-43d5-bbb4-e1894fd0e861,e4ff8251-3db1-4ae2-a65d-78fc70fac537,873bfd1f-4b35-4d72-b773-c6299c6d117c,0,cloturee,0,2026-08-05 07:09:38.296101+00,2026-08-05 17:24:32.156927+00
d2ecfcd2-173c-49eb-84bb-3b16fecda621,24161529-e693-466d-9b90-bdc537ceba9b,38c85a7a-d9be-415a-82b0-10a62ad404bc,0,cloturee,0,2026-08-05 07:28:51.048589+00,2026-08-05 17:36:59.847512+00
1afa60ea-1086-4197-8e85-b68f99ede873,75af971e-d728-45a6-b46e-0a066dbef01f,639997fb-e739-4aac-a900-82a95973c5e3,0,cloturee,0,2026-08-05 10:01:58.973227+00,2026-08-05 17:39:12.438254+00
7f7bc896-9c80-4fa6-8813-1295efa81268,519752d6-db70-4938-a329-f7502986de68,3435e834-1494-49c8-8613-6a6753415862,0,cloturee,0,2026-08-04 09:45:04.354898+00,2026-08-05 13:37:10.770477+00
c87431bb-5fac-497b-b2c6-832a81607d10,75af971e-d728-45a6-b46e-0a066dbef01f,639997fb-e739-4aac-a900-82a95973c5e3,0,cloturee,0,2026-08-04 07:58:56.316666+00,2026-08-04 17:11:52.261145+00
97d1fe61-1fd3-4d04-980b-e597cb52ccce,e4ff8251-3db1-4ae2-a65d-78fc70fac537,873bfd1f-4b35-4d72-b773-c6299c6d117c,0,cloturee,0,2026-08-04 07:26:04.065098+00,2026-08-04 17:11:53.356412+00
d1488316-a26c-4966-a80b-4b532e3a3826,64fa1f5a-43fa-4c58-9233-229b379a3c4a,16c0108f-a557-46ff-81c6-df6dae4e7c8b,0,cloturee,0,2026-08-06 08:55:24.461327+00,2026-08-06 18:03:47.159766+00
eb188460-cb19-4c47-a832-946c1d77a7f5,f9089d44-f620-4cf1-a6ef-1cdce0b7eddf,e7291eed-faf2-4804-994d-ca5977625f7a,0,cloturee,0,2026-08-06 07:45:31.846155+00,2026-08-06 18:23:03.093832+00
26e01844-ddf9-4f9c-a43e-ee26f78b5907,f9089d44-f620-4cf1-a6ef-1cdce0b7eddf,e7291eed-faf2-4804-994d-ca5977625f7a,0,cloturee,0,2026-08-05 07:42:18.609269+00,2026-08-05 17:58:57.46449+00
7ad3c620-092e-491f-81c2-87f5f51e4fea,54ac35ca-0e59-4ebd-a6fb-b0b89b26ab97,60e62047-2b6d-4ce4-971a-2fc077d486b0,0,cloturee,0,2026-08-05 07:09:35.457776+00,2026-08-05 18:00:45.792179+00
566ff5e9-fc84-4507-87bf-862d79282b10,d1d89c1a-123b-4fc5-8137-77033415112f,56ae5099-9903-415d-8a2f-c6c6380c8e9b,0,cloturee,0,2026-08-03 07:30:39.784748+00,2026-08-03 17:51:17.394368+00
22f1fed3-cf2f-418b-b57f-41e23e6c1a51,64fa1f5a-43fa-4c58-9233-229b379a3c4a,16c0108f-a557-46ff-81c6-df6dae4e7c8b,0,cloturee,0,2026-08-05 09:20:41.399883+00,2026-08-05 18:13:03.930785+00
3d23c14d-d970-4007-8c31-fe3cc36433ea,75af971e-d728-45a6-b46e-0a066dbef01f,639997fb-e739-4aac-a900-82a95973c5e3,0,cloturee,0,2026-08-06 07:13:50.972113+00,2026-08-06 18:42:29.198324+00
7219840f-1a1c-4bce-838f-c45b812e6fc4,d1d89c1a-123b-4fc5-8137-77033415112f,56ae5099-9903-415d-8a2f-c6c6380c8e9b,0,cloturee,0,2026-08-05 10:36:57.152057+00,2026-08-05 18:33:24.475596+00
5d2600ad-dbe1-4b16-aed3-9198f419b68c,54ac35ca-0e59-4ebd-a6fb-b0b89b26ab97,60e62047-2b6d-4ce4-971a-2fc077d486b0,0,cloturee,0,2026-08-06 06:59:07.618254+00,2026-08-06 18:42:55.102263+00
bb67db24-2e5e-46fc-be2f-4aea141e95d6,519752d6-db70-4938-a329-f7502986de68,3435e834-1494-49c8-8613-6a6753415862,0,cloturee,0,2026-08-05 13:37:25.222709+00,2026-08-05 19:03:17.634124+00
ce24239b-becb-4cc2-9da1-d3076faf0d5f,f9089d44-f620-4cf1-a6ef-1cdce0b7eddf,e7291eed-faf2-4804-994d-ca5977625f7a,0,cloturee,0,2026-08-07 08:48:16.100053+00,2026-08-07 17:21:40.960666+00
73a932d0-c8bb-4803-9581-60e5ec735b94,75af971e-d728-45a6-b46e-0a066dbef01f,639997fb-e739-4aac-a900-82a95973c5e3,0,cloturee,0,2026-08-07 07:29:27.736533+00,2026-08-07 17:29:14.486434+00
3feb917a-9662-43c5-a0fe-08c747fb1757,8e994bb2-eb43-4ef8-aa9f-1f59bfff30d6,20ed1188-6e90-4c5e-ac62-5827c553f29f,0,cloturee,0,2026-08-05 09:07:04.420177+00,2026-08-05 19:11:58.697143+00
96068d56-9203-4849-9c52-fa00971df7da,8e994bb2-eb43-4ef8-aa9f-1f59bfff30d6,20ed1188-6e90-4c5e-ac62-5827c553f29f,0,cloturee,0,2026-08-06 07:51:35.468338+00,2026-08-06 18:51:39.510479+00
0432bd45-a2a5-4259-a04f-a6d9e5a5ba9a,519752d6-db70-4938-a329-f7502986de68,3435e834-1494-49c8-8613-6a6753415862,0,cloturee,0,2026-08-06 08:38:33.227225+00,2026-08-06 19:33:52.268573+00
7f8f851c-ce9c-45ea-8ca5-d3faab3e3319,54ac35ca-0e59-4ebd-a6fb-b0b89b26ab97,60e62047-2b6d-4ce4-971a-2fc077d486b0,0,cloturee,0,2026-08-07 07:14:28.317818+00,2026-08-07 17:38:10.996542+00
4b2df28a-6f8a-40d9-8658-871e17faa999,7fd16429-1daa-4dde-a995-c5851e984909,8c581a4b-61eb-4570-ad30-2e3885813057,0,cloturee,0,2026-08-08 08:20:46.804852+00,2026-08-08 16:57:00.271099+00
9a6c1140-3f6f-401d-8588-a09c89fb1cc7,7fd16429-1daa-4dde-a995-c5851e984909,8c581a4b-61eb-4570-ad30-2e3885813057,0,cloturee,0,2026-08-07 09:11:08.607915+00,2026-08-07 13:22:11.532753+00
fa6878de-b301-4568-8d5f-bdde714c2a48,e4ff8251-3db1-4ae2-a65d-78fc70fac537,873bfd1f-4b35-4d72-b773-c6299c6d117c,0,cloturee,0,2026-08-07 07:06:06.936625+00,2026-08-07 16:26:31.027875+00
c81528ef-6c61-44d6-b2a4-5558e1b54e17,54ac35ca-0e59-4ebd-a6fb-b0b89b26ab97,60e62047-2b6d-4ce4-971a-2fc077d486b0,0,cloturee,0,2026-08-08 10:15:40.817012+00,2026-08-09 12:04:10.805026+00
db9d61af-06dc-4f08-b9ae-408b877823c6,519752d6-db70-4938-a329-f7502986de68,3435e834-1494-49c8-8613-6a6753415862,0,cloturee,0,2026-08-07 11:51:20.225879+00,2026-08-08 08:09:44.606955+00
4245d1f3-d66c-4344-acbf-01d7092dedad,24161529-e693-466d-9b90-bdc537ceba9b,38c85a7a-d9be-415a-82b0-10a62ad404bc,0,cloturee,0,2026-08-07 07:20:13.943413+00,2026-08-07 15:03:25.047564+00
e4e48201-347d-413c-bbe7-49888c3b0182,75af971e-d728-45a6-b46e-0a066dbef01f,639997fb-e739-4aac-a900-82a95973c5e3,0,cloturee,0,2026-08-08 09:04:40.229471+00,2026-08-08 17:32:50.160694+00
f8788b87-d5c2-4638-87d2-94a6172bfe2b,519752d6-db70-4938-a329-f7502986de68,3435e834-1494-49c8-8613-6a6753415862,0,cloturee,0,2026-08-08 08:12:31.626923+00,2026-08-08 13:52:43.874897+00
27b091f1-6478-4d50-8549-235177a84ae1,24161529-e693-466d-9b90-bdc537ceba9b,38c85a7a-d9be-415a-82b0-10a62ad404bc,0,cloturee,0,2026-08-08 07:34:18.298771+00,2026-08-08 17:25:49.238357+00
5ca54583-b93e-46c4-bea2-447f4915df5e,d83e52d6-0b5b-4256-9dce-bd08f46ba93f,cc4bd8b3-27dd-4ea0-ac05-0e5c82e95189,0,cloturee,0,2026-08-08 11:55:29.466789+00,2026-08-08 20:37:20.913261+00
81e8c007-5277-4c72-b890-20c0cf0b07de,d83e52d6-0b5b-4256-9dce-bd08f46ba93f,cc4bd8b3-27dd-4ea0-ac05-0e5c82e95189,0,cloturee,0,2026-08-07 07:51:41.57249+00,2026-08-08 11:55:17.390265+00
99e22954-a6f4-4084-99b9-22368e8ffa6e,54ac35ca-0e59-4ebd-a6fb-b0b89b26ab97,60e62047-2b6d-4ce4-971a-2fc077d486b0,0,cloturee,0,2026-08-09 12:04:28.398467+00,2026-08-09 17:19:42.902126+00
1bb88d9f-1935-46f5-897f-c27b18588ae2,e4ff8251-3db1-4ae2-a65d-78fc70fac537,873bfd1f-4b35-4d72-b773-c6299c6d117c,0,cloturee,0,2026-08-08 07:00:17.271921+00,2026-08-08 17:11:32.744856+00
437a5032-0055-4fa0-b67b-1846794f8ae8,519752d6-db70-4938-a329-f7502986de68,3435e834-1494-49c8-8613-6a6753415862,0,cloturee,0,2026-08-08 13:53:14.948146+00,2026-08-10 07:44:51.409474+00
c575d91b-74f4-474f-812c-1925beeb7a8a,d1d89c1a-123b-4fc5-8137-77033415112f,56ae5099-9903-415d-8a2f-c6c6380c8e9b,0,cloturee,0,2026-08-08 09:06:13.386191+00,2026-08-10 07:48:48.039405+00
3499e9f1-df93-4b97-98d5-46d24610ae89,d1d89c1a-123b-4fc5-8137-77033415112f,56ae5099-9903-415d-8a2f-c6c6380c8e9b,0,cloturee,0,2026-08-17 08:32:20.880032+00,2026-08-17 17:12:21.376629+00
0d94f012-293e-43bd-8258-a6324c01316c,54ac35ca-0e59-4ebd-a6fb-b0b89b26ab97,60e62047-2b6d-4ce4-971a-2fc077d486b0,0,cloturee,0,2026-08-17 09:06:26.977759+00,2026-08-17 18:34:16.84657+00
b23d5758-7ced-4fed-90db-3aa217d8f972,f9089d44-f620-4cf1-a6ef-1cdce0b7eddf,e7291eed-faf2-4804-994d-ca5977625f7a,0,cloturee,0,2026-08-17 08:07:55.027988+00,2026-08-17 18:08:53.580235+00
1fc02156-a434-457f-a9cf-fd501101ec49,e4ff8251-3db1-4ae2-a65d-78fc70fac537,873bfd1f-4b35-4d72-b773-c6299c6d117c,0,cloturee,0,2026-08-17 07:13:44.885694+00,2026-08-17 17:04:30.982327+00
889d8e03-76c2-4efe-ac58-29f72d055ebb,f9089d44-f620-4cf1-a6ef-1cdce0b7eddf,e7291eed-faf2-4804-994d-ca5977625f7a,0,cloturee,0,2026-08-13 07:39:20.157273+00,2026-08-13 18:01:41.96569+00
46c3696b-f62b-4166-a706-ab0ee2837a0c,519752d6-db70-4938-a329-f7502986de68,3435e834-1494-49c8-8613-6a6753415862,0,cloturee,0,2026-08-10 07:45:17.942342+00,2026-08-11 09:05:09.244184+00
49ec7d60-e172-4712-9ebc-c1c52527265f,d83e52d6-0b5b-4256-9dce-bd08f46ba93f,cc4bd8b3-27dd-4ea0-ac05-0e5c82e95189,0,cloturee,0,2026-08-13 08:17:05.240197+00,2026-08-13 18:28:29.587673+00
857aa1a3-cff0-4c2b-947e-9a933d859ec3,75af971e-d728-45a6-b46e-0a066dbef01f,639997fb-e739-4aac-a900-82a95973c5e3,0,cloturee,0,2026-08-17 08:55:48.403475+00,2026-08-17 17:16:24.338206+00
c1e245a7-0b0f-49b6-8cb4-d69ffd907099,519752d6-db70-4938-a329-f7502986de68,3435e834-1494-49c8-8613-6a6753415862,0,cloturee,0,2026-08-13 09:09:39.496177+00,2026-08-13 19:30:25.779535+00
2bd10c86-6f23-411c-b8a9-f8de026165a1,7fd16429-1daa-4dde-a995-c5851e984909,8c581a4b-61eb-4570-ad30-2e3885813057,0,cloturee,0,2026-08-13 07:47:38.198511+00,2026-08-13 16:47:19.081033+00
939798bd-213a-4e3d-b306-d909348d1973,519752d6-db70-4938-a329-f7502986de68,3435e834-1494-49c8-8613-6a6753415862,0,cloturee,0,2026-08-17 08:00:47.528935+00,2026-08-17 19:48:47.493254+00
5c839e37-ca1b-4996-956f-5ba940f47582,7fd16429-1daa-4dde-a995-c5851e984909,8c581a4b-61eb-4570-ad30-2e3885813057,0,cloturee,0,2026-08-14 07:32:58.616432+00,2026-08-17 18:18:09.909367+00
63b16544-3a98-4d65-b7da-cccfb1f9715a,54ac35ca-0e59-4ebd-a6fb-b0b89b26ab97,60e62047-2b6d-4ce4-971a-2fc077d486b0,0,cloturee,0,2026-08-13 08:48:16.671836+00,2026-08-14 07:20:56.386658+00
01fea2df-a1c4-4a5b-b4b8-5ed36d6883d1,e4ff8251-3db1-4ae2-a65d-78fc70fac537,873bfd1f-4b35-4d72-b773-c6299c6d117c,0,cloturee,0,2026-08-12 07:03:49.602215+00,2026-08-12 17:24:14.062923+00
fe49e940-a810-4b2b-aade-c70b53ee4da0,24161529-e693-466d-9b90-bdc537ceba9b,38c85a7a-d9be-415a-82b0-10a62ad404bc,0,cloturee,0,2026-08-12 07:34:06.514782+00,2026-08-12 17:25:25.525233+00
80701fa6-eafb-47c5-b71c-2c101b6acc6b,3fa4bf94-e7b9-499e-99d3-160a83e94b97,56ae5099-9903-415d-8a2f-c6c6380c8e9b,0,cloturee,0,2026-08-11 09:51:58.718457+00,2026-08-11 10:01:25.304754+00
d951aac6-732d-4c0d-bd19-2e50241c3ce5,d1d89c1a-123b-4fc5-8137-77033415112f,56ae5099-9903-415d-8a2f-c6c6380c8e9b,0,cloturee,0,2026-08-11 10:01:38.008792+00,2026-08-11 17:02:32.055345+00
7b335ba8-3895-4927-84c9-a9c711ec2cb9,54ac35ca-0e59-4ebd-a6fb-b0b89b26ab97,60e62047-2b6d-4ce4-971a-2fc077d486b0,0,cloturee,0,2026-08-12 09:20:46.297923+00,2026-08-12 17:31:52.960155+00
3bac2489-53e8-4bea-82c8-f72f95a59bd9,75af971e-d728-45a6-b46e-0a066dbef01f,639997fb-e739-4aac-a900-82a95973c5e3,0,cloturee,0,2026-08-13 07:26:23.990098+00,2026-08-13 16:52:32.385948+00
5c561aec-b6b4-4e1a-90b0-c58d579186a6,519752d6-db70-4938-a329-f7502986de68,3435e834-1494-49c8-8613-6a6753415862,0,cloturee,0,2026-08-11 10:52:46.273844+00,2026-08-12 09:45:14.929724+00
a0461ea8-43f9-478e-a3ca-146b65fb3fd5,7fd16429-1daa-4dde-a995-c5851e984909,8c581a4b-61eb-4570-ad30-2e3885813057,0,cloturee,0,2026-08-11 07:24:38.256173+00,2026-08-11 17:15:01.549603+00
f0f25407-a613-4923-8dc8-5195fd1b9025,64fa1f5a-43fa-4c58-9233-229b379a3c4a,16c0108f-a557-46ff-81c6-df6dae4e7c8b,0,cloturee,0,2026-08-14 09:22:53.04804+00,2026-08-14 18:18:57.42549+00
37de1c1b-ab97-4ea8-b3f3-879dd43d7008,75af971e-d728-45a6-b46e-0a066dbef01f,639997fb-e739-4aac-a900-82a95973c5e3,0,cloturee,0,2026-08-11 10:19:02.946515+00,2026-08-11 17:23:45.373749+00
024916c7-2469-4870-8913-9dc422fe6096,f9089d44-f620-4cf1-a6ef-1cdce0b7eddf,e7291eed-faf2-4804-994d-ca5977625f7a,0,cloturee,0,2026-08-12 07:50:31.366577+00,2026-08-12 18:04:41.968727+00
b149825a-2eb7-4a46-a0eb-1270d6319498,64fa1f5a-43fa-4c58-9233-229b379a3c4a,16c0108f-a557-46ff-81c6-df6dae4e7c8b,0,cloturee,0,2026-08-12 09:56:34.128545+00,2026-08-12 18:15:13.905815+00
39812bd6-f882-4508-a96f-88380a0bcb4a,d83e52d6-0b5b-4256-9dce-bd08f46ba93f,cc4bd8b3-27dd-4ea0-ac05-0e5c82e95189,0,cloturee,0,2026-08-12 07:51:37.241084+00,2026-08-12 18:43:10.605914+00
730184d0-649e-4e19-bc4c-b1ae7c496523,64fa1f5a-43fa-4c58-9233-229b379a3c4a,16c0108f-a557-46ff-81c6-df6dae4e7c8b,0,cloturee,0,2026-08-11 09:15:23.979928+00,2026-08-12 09:56:17.746853+00
3d731147-7bf0-4614-a5cf-54cd71f81d9f,54ac35ca-0e59-4ebd-a6fb-b0b89b26ab97,60e62047-2b6d-4ce4-971a-2fc077d486b0,0,cloturee,0,2026-08-11 08:43:54.288373+00,2026-08-11 17:48:07.513034+00
98d7f940-aed9-4ff7-82f2-c582cf3acd14,f9089d44-f620-4cf1-a6ef-1cdce0b7eddf,e7291eed-faf2-4804-994d-ca5977625f7a,0,cloturee,0,2026-08-11 09:26:11.243778+00,2026-08-11 18:34:24.874389+00
f4f392ea-3619-4cab-bc0d-64e50513384d,d83e52d6-0b5b-4256-9dce-bd08f46ba93f,cc4bd8b3-27dd-4ea0-ac05-0e5c82e95189,0,cloturee,0,2026-08-11 07:56:29.990085+00,2026-08-11 19:02:44.853408+00
32f8a85e-870b-4183-ac4c-3ead97dc2055,d1d89c1a-123b-4fc5-8137-77033415112f,56ae5099-9903-415d-8a2f-c6c6380c8e9b,0,cloturee,0,2026-08-12 07:53:31.726631+00,2026-08-12 07:53:40.0217+00
352529ba-a8cf-446f-8890-4f64f29b71e8,d1d89c1a-123b-4fc5-8137-77033415112f,56ae5099-9903-415d-8a2f-c6c6380c8e9b,0,cloturee,0,2026-08-12 07:53:48.045789+00,2026-08-12 07:54:04.399049+00
10ea2a8e-6ddb-449c-bf76-ef589ec7a7f7,d1d89c1a-123b-4fc5-8137-77033415112f,56ae5099-9903-415d-8a2f-c6c6380c8e9b,0,cloturee,0,2026-08-12 08:27:53.740931+00,2026-08-13 08:00:46.844195+00
c25e6789-bba2-46c9-b1c3-c536cfc7111c,d1d89c1a-123b-4fc5-8137-77033415112f,56ae5099-9903-415d-8a2f-c6c6380c8e9b,0,cloturee,0,2026-08-10 09:08:34.096421+00,2026-08-10 17:08:01.60629+00
fdfe015a-a96f-4f37-aaf3-aa4ed39fc554,6ce67f79-9844-4a0d-9f09-bb2b12a3a5ad,56ae5099-9903-415d-8a2f-c6c6380c8e9b,0,cloturee,0,2026-08-12 08:13:30.572355+00,2026-08-12 08:14:03.33227+00
eae305ec-992f-4f75-a330-fe1a88e9c638,64fa1f5a-43fa-4c58-9233-229b379a3c4a,16c0108f-a557-46ff-81c6-df6dae4e7c8b,0,cloturee,0,2026-08-13 09:03:14.066616+00,2026-08-14 09:22:37.785045+00
a373fbcb-b9ce-4524-975b-883a7fd46820,e4ff8251-3db1-4ae2-a65d-78fc70fac537,873bfd1f-4b35-4d72-b773-c6299c6d117c,0,cloturee,0,2026-08-10 06:57:57.360533+00,2026-08-10 17:29:02.775095+00
aee4c73d-c73f-4956-b6d3-2d5c0f94ea14,24161529-e693-466d-9b90-bdc537ceba9b,38c85a7a-d9be-415a-82b0-10a62ad404bc,0,cloturee,0,2026-08-10 07:43:17.962892+00,2026-08-11 07:34:42.143453+00
dcc518e8-6f25-4334-bfab-67e41051991b,d1d89c1a-123b-4fc5-8137-77033415112f,56ae5099-9903-415d-8a2f-c6c6380c8e9b,0,cloturee,0,2026-08-13 08:08:54.46939+00,2026-08-13 17:01:29.082312+00
ee69fceb-308e-41e1-8b94-4b990908c0a5,519752d6-db70-4938-a329-f7502986de68,3435e834-1494-49c8-8613-6a6753415862,0,cloturee,0,2026-08-14 09:15:07.697125+00,2026-08-14 18:37:55.358593+00
971b6b01-ae6c-4366-b13d-217647876ae2,d83e52d6-0b5b-4256-9dce-bd08f46ba93f,cc4bd8b3-27dd-4ea0-ac05-0e5c82e95189,0,cloturee,0,2026-08-14 09:08:15.179388+00,2026-08-14 18:56:08.582154+00
731040ce-d9c7-45f8-8f6a-40358fd54b1d,75af971e-d728-45a6-b46e-0a066dbef01f,639997fb-e739-4aac-a900-82a95973c5e3,0,cloturee,0,2026-08-12 07:21:23.518341+00,2026-08-12 17:04:56.843413+00
831a35d9-35d3-457f-bc8f-3799f323682d,54ac35ca-0e59-4ebd-a6fb-b0b89b26ab97,60e62047-2b6d-4ce4-971a-2fc077d486b0,0,cloturee,0,2026-08-15 07:53:39.09681+00,2026-08-15 17:48:39.6431+00
605ed49c-66a7-4cbe-a469-b0c72639021d,8e994bb2-eb43-4ef8-aa9f-1f59bfff30d6,20ed1188-6e90-4c5e-ac62-5827c553f29f,0,cloturee,1500,2026-08-07 08:51:54.69249+00,2026-08-14 19:49:16.299149+00
61a6e356-ed44-4a7a-8638-23ce671c1659,24161529-e693-466d-9b90-bdc537ceba9b,38c85a7a-d9be-415a-82b0-10a62ad404bc,0,cloturee,0,2026-08-14 07:29:45.456306+00,2026-08-14 17:18:43.049237+00
76410ac8-7b08-45f7-a773-0d398b73f0e4,d1d89c1a-123b-4fc5-8137-77033415112f,56ae5099-9903-415d-8a2f-c6c6380c8e9b,0,cloturee,0,2026-08-15 08:56:14.372225+00,2026-08-15 16:57:15.629949+00
94ee9835-5991-4a03-82f1-665d77ac862b,519752d6-db70-4938-a329-f7502986de68,3435e834-1494-49c8-8613-6a6753415862,0,cloturee,0,2026-08-12 09:45:40.890903+00,2026-08-13 09:09:27.604617+00
9dee4229-50f1-4050-96f3-0f9eb0099c2d,24161529-e693-466d-9b90-bdc537ceba9b,38c85a7a-d9be-415a-82b0-10a62ad404bc,0,cloturee,0,2026-08-13 07:35:11.985376+00,2026-08-13 17:28:29.273177+00
746937c1-6ea4-488e-8c27-0cd14a44997b,7fd16429-1daa-4dde-a995-c5851e984909,8c581a4b-61eb-4570-ad30-2e3885813057,0,cloturee,0,2026-08-12 07:39:55.182441+00,2026-08-12 17:13:18.873734+00
7c086e68-015a-47a5-afc7-892167396c06,e4ff8251-3db1-4ae2-a65d-78fc70fac537,873bfd1f-4b35-4d72-b773-c6299c6d117c,0,cloturee,0,2026-08-14 07:08:59.83757+00,2026-08-14 17:21:33.101551+00
ddb6b94d-08c8-431c-a98f-5ce64d0d2d44,e4ff8251-3db1-4ae2-a65d-78fc70fac537,873bfd1f-4b35-4d72-b773-c6299c6d117c,0,cloturee,0,2026-08-13 07:22:18.40117+00,2026-08-13 17:32:27.512284+00
9378fa46-7bd8-4881-8592-05fa8767707a,6ce67f79-9844-4a0d-9f09-bb2b12a3a5ad,3435e834-1494-49c8-8613-6a6753415862,0,cloturee,0,2026-08-14 09:13:10.383066+00,2026-08-14 09:14:58.521258+00
705074e7-332d-4ecf-a46a-5dbddc018c99,75af971e-d728-45a6-b46e-0a066dbef01f,639997fb-e739-4aac-a900-82a95973c5e3,0,cloturee,0,2026-08-14 07:38:19.189217+00,2026-08-14 17:23:51.69275+00
ce52c154-f736-4b5e-9664-38bc611f13d6,f9089d44-f620-4cf1-a6ef-1cdce0b7eddf,e7291eed-faf2-4804-994d-ca5977625f7a,0,cloturee,0,2026-08-15 07:07:34.979634+00,2026-08-15 17:19:01.377697+00
7bb8de69-c6dc-41c3-bdde-5bf48a36ca5c,24161529-e693-466d-9b90-bdc537ceba9b,38c85a7a-d9be-415a-82b0-10a62ad404bc,0,cloturee,0,2026-08-15 07:40:54.357769+00,2026-08-15 17:19:05.883408+00
482851a8-51ce-4594-aafa-37a6052135ee,d1d89c1a-123b-4fc5-8137-77033415112f,56ae5099-9903-415d-8a2f-c6c6380c8e9b,0,cloturee,0,2026-08-14 07:58:55.21459+00,2026-08-15 07:45:07.557536+00
786f1f10-9eca-47bb-b3fa-4be4119719e9,519752d6-db70-4938-a329-f7502986de68,3435e834-1494-49c8-8613-6a6753415862,0,cloturee,0,2026-08-15 09:19:58.002265+00,2026-08-15 19:13:09.33831+00
ce20d596-a2d0-4665-b22b-6a36a00a33fc,54ac35ca-0e59-4ebd-a6fb-b0b89b26ab97,60e62047-2b6d-4ce4-971a-2fc077d486b0,0,cloturee,0,2026-08-14 10:58:37.612945+00,2026-08-15 07:53:32.553884+00
1e9e99e6-db5a-4780-b12b-0c133930121a,75af971e-d728-45a6-b46e-0a066dbef01f,639997fb-e739-4aac-a900-82a95973c5e3,0,cloturee,0,2026-08-15 07:21:12.950287+00,2026-08-15 17:21:28.049658+00
9d679efa-3c35-4937-a6ca-54b790fa6600,e4ff8251-3db1-4ae2-a65d-78fc70fac537,873bfd1f-4b35-4d72-b773-c6299c6d117c,0,cloturee,0,2026-08-15 07:21:24.297187+00,2026-08-15 17:00:53.180962+00
a0575d12-59a5-4f59-ac9d-51c9e6b0fefd,f9089d44-f620-4cf1-a6ef-1cdce0b7eddf,e7291eed-faf2-4804-994d-ca5977625f7a,0,cloturee,0,2026-08-14 07:47:35.690285+00,2026-08-14 18:12:34.532066+00
bd5c8926-5c7d-4fdb-8076-2f648e6f77af,d83e52d6-0b5b-4256-9dce-bd08f46ba93f,cc4bd8b3-27dd-4ea0-ac05-0e5c82e95189,0,cloturee,0,2026-08-15 08:00:10.92258+00,2026-08-15 19:19:14.765052+00
be4535bc-6ad0-4b9b-b7c9-0ba28a51d8d0,8e994bb2-eb43-4ef8-aa9f-1f59bfff30d6,20ed1188-6e90-4c5e-ac62-5827c553f29f,0,cloturee,0,2026-08-14 19:49:28.991341+00,2026-08-15 18:24:06.652582+00
75aca00e-d1f6-48d1-af8d-102228be6839,64fa1f5a-43fa-4c58-9233-229b379a3c4a,16c0108f-a557-46ff-81c6-df6dae4e7c8b,0,cloturee,0,2026-08-15 10:34:17.531037+00,2026-08-15 18:24:50.744191+00
94d2d38e-0932-4237-913d-02ea3ac51043,0dd2ae5a-b59b-4e34-885d-2c897ba42e89,60e62047-2b6d-4ce4-971a-2fc077d486b0,0,cloturee,0,2026-08-16 09:43:27.464644+00,2026-08-16 12:20:21.441347+00
7cf2a7a5-2f0f-4707-ac9c-906ac75b0602,54ac35ca-0e59-4ebd-a6fb-b0b89b26ab97,60e62047-2b6d-4ce4-971a-2fc077d486b0,0,cloturee,0,2026-08-16 12:20:33.375223+00,2026-08-17 09:02:21.587364+00
cee634ba-97a9-4cee-8b80-c5041e67e2b3,b426b3a8-23f0-4476-9ff1-69473a5af124,e7291eed-faf2-4804-994d-ca5977625f7a,0,cloturee,0,2026-08-17 08:07:29.528565+00,2026-08-17 08:07:38.625446+00
f15363e4-d198-427d-8edb-f88b435ad1c8,75af971e-d728-45a6-b46e-0a066dbef01f,639997fb-e739-4aac-a900-82a95973c5e3,0,cloturee,0,2026-08-18 08:04:13.440714+00,2026-08-18 17:38:17.615601+00
f8b9df41-ea2a-497b-beec-5ebd32aa2a39,f9089d44-f620-4cf1-a6ef-1cdce0b7eddf,e7291eed-faf2-4804-994d-ca5977625f7a,0,cloturee,0,2026-08-18 07:58:16.182429+00,2026-08-18 17:41:16.519184+00
5cbe8c5b-5f94-4aa5-b814-1ef2f84525f4,e4ff8251-3db1-4ae2-a65d-78fc70fac537,873bfd1f-4b35-4d72-b773-c6299c6d117c,0,cloturee,0,2026-08-20 17:42:53.290227+00,2026-08-20 17:46:00.748212+00
dbbeefef-3f8d-421c-8734-aaf385987759,f9089d44-f620-4cf1-a6ef-1cdce0b7eddf,e7291eed-faf2-4804-994d-ca5977625f7a,0,cloturee,0,2026-08-20 07:56:10.784825+00,2026-08-20 17:53:53.322774+00
2a921850-1d3e-4736-8dd5-bc974e9c9c9b,64fa1f5a-43fa-4c58-9233-229b379a3c4a,16c0108f-a557-46ff-81c6-df6dae4e7c8b,0,cloturee,0,2026-08-20 09:22:25.779708+00,2026-08-20 18:05:46.419182+00
eb671449-c390-4076-9488-143ddd941a63,d83e52d6-0b5b-4256-9dce-bd08f46ba93f,cc4bd8b3-27dd-4ea0-ac05-0e5c82e95189,0,cloturee,0,2026-08-20 11:32:08.505253+00,2026-08-20 18:34:05.727877+00
98952638-1cdd-4a76-bade-1904c569e04d,75af971e-d728-45a6-b46e-0a066dbef01f,639997fb-e739-4aac-a900-82a95973c5e3,0,cloturee,0,2026-08-19 07:05:55.794272+00,2026-08-19 17:01:34.774597+00
e6b8d966-3c7b-4223-a589-5c80a95cac68,24161529-e693-466d-9b90-bdc537ceba9b,38c85a7a-d9be-415a-82b0-10a62ad404bc,0,cloturee,0,2026-08-21 07:23:55.450116+00,2026-08-21 17:26:58.484703+00
12785d88-6ac9-4969-919a-7f51b3f773ba,64fa1f5a-43fa-4c58-9233-229b379a3c4a,16c0108f-a557-46ff-81c6-df6dae4e7c8b,0,cloturee,0,2026-08-18 10:26:53.993306+00,2026-08-18 18:06:43.483172+00
b6ab4b3f-0b83-400f-a5ad-00124fb081e0,519752d6-db70-4938-a329-f7502986de68,3435e834-1494-49c8-8613-6a6753415862,0,cloturee,0,2026-08-20 11:23:01.643254+00,2026-08-21 07:40:52.340829+00
9bb60a9d-01c4-44c8-bb3b-a09b52b092ac,d83e52d6-0b5b-4256-9dce-bd08f46ba93f,cc4bd8b3-27dd-4ea0-ac05-0e5c82e95189,0,cloturee,0,2026-08-18 10:07:59.925125+00,2026-08-18 18:42:26.605993+00
cc2282f7-68f1-402a-8c0b-bbd6a4a8547f,e4ff8251-3db1-4ae2-a65d-78fc70fac537,873bfd1f-4b35-4d72-b773-c6299c6d117c,0,cloturee,0,2026-08-19 06:54:08.315823+00,2026-08-19 17:20:44.763342+00
f74845c7-9428-4fb2-aae5-7b6096a29bd6,24161529-e693-466d-9b90-bdc537ceba9b,38c85a7a-d9be-415a-82b0-10a62ad404bc,0,cloturee,0,2026-08-18 07:26:16.752308+00,2026-08-19 07:34:58.48838+00
f9b84880-655e-4ba1-8027-68c316d388f3,54ac35ca-0e59-4ebd-a6fb-b0b89b26ab97,60e62047-2b6d-4ce4-971a-2fc077d486b0,0,cloturee,0,2026-08-20 09:01:20.461606+00,2026-08-21 07:55:23.767263+00
90df4930-59b9-4e67-9086-c23da4878e48,54ac35ca-0e59-4ebd-a6fb-b0b89b26ab97,60e62047-2b6d-4ce4-971a-2fc077d486b0,0,cloturee,0,2026-08-18 08:48:32.602618+00,2026-08-19 08:06:50.424419+00
10266536-9f16-4745-933d-4634f6ee0b89,24161529-e693-466d-9b90-bdc537ceba9b,38c85a7a-d9be-415a-82b0-10a62ad404bc,0,cloturee,0,2026-08-19 08:09:57.375171+00,2026-08-19 17:33:15.627962+00
a635e58b-b54a-4e83-9f76-dd1680fa1d76,7fd16429-1daa-4dde-a995-c5851e984909,8c581a4b-61eb-4570-ad30-2e3885813057,0,cloturee,0,2026-08-19 11:35:06.008301+00,2026-08-19 17:48:00.767324+00
40e4f3d8-c2b9-43b6-bb92-2c3610d06576,54ac35ca-0e59-4ebd-a6fb-b0b89b26ab97,60e62047-2b6d-4ce4-971a-2fc077d486b0,0,cloturee,0,2026-08-19 08:06:59.723521+00,2026-08-19 17:49:38.679171+00
e23993e4-df1f-406e-9b01-11f6a47bf0ae,f9089d44-f620-4cf1-a6ef-1cdce0b7eddf,e7291eed-faf2-4804-994d-ca5977625f7a,0,cloturee,0,2026-08-19 07:52:47.191097+00,2026-08-19 18:01:27.500191+00
d26717bb-da3a-435b-a347-5d52960783a5,64fa1f5a-43fa-4c58-9233-229b379a3c4a,16c0108f-a557-46ff-81c6-df6dae4e7c8b,0,cloturee,0,2026-08-19 09:16:02.115555+00,2026-08-19 18:19:42.431448+00
ed7c6e4c-e9dc-467b-b01a-bc73cff48217,64fa1f5a-43fa-4c58-9233-229b379a3c4a,16c0108f-a557-46ff-81c6-df6dae4e7c8b,0,cloturee,0,2026-08-17 10:10:12.913184+00,2026-08-17 18:27:41.86611+00
f2af9cf7-825a-4cfe-bab4-3b04d1256087,d83e52d6-0b5b-4256-9dce-bd08f46ba93f,cc4bd8b3-27dd-4ea0-ac05-0e5c82e95189,0,cloturee,0,2026-08-17 11:00:25.227183+00,2026-08-17 18:31:39.234939+00
a43431ce-9f26-411b-82db-efc9595ab290,7fd16429-1daa-4dde-a995-c5851e984909,d8b2d654-3c92-4fb4-a52a-57012495d16d,0,cloturee,0,2026-07-31 05:15:24.328463+00,2026-08-19 18:40:51.057678+00
c6e3514a-919e-4244-8b4e-337f2fa25c7a,d83e52d6-0b5b-4256-9dce-bd08f46ba93f,cc4bd8b3-27dd-4ea0-ac05-0e5c82e95189,0,cloturee,0,2026-08-19 11:50:53.90199+00,2026-08-19 19:05:54.512497+00
5a462325-901b-4d13-affb-1ef89206acbe,519752d6-db70-4938-a329-f7502986de68,3435e834-1494-49c8-8613-6a6753415862,0,cloturee,0,2026-08-18 08:54:55.386062+00,2026-08-19 11:46:19.62752+00
2f049c35-7cb7-4d52-856b-2159b3d79f16,8e994bb2-eb43-4ef8-aa9f-1f59bfff30d6,20ed1188-6e90-4c5e-ac62-5827c553f29f,0,cloturee,0,2026-08-17 09:39:22.049543+00,2026-08-19 19:07:28.023373+00
f16a2834-fd56-447f-938a-45620886b871,54ac35ca-0e59-4ebd-a6fb-b0b89b26ab97,60e62047-2b6d-4ce4-971a-2fc077d486b0,27500,ouverte,0,2026-08-22 07:23:24.345342+00,
30257f34-95aa-4abd-a2ae-8819ec471f7b,d1d89c1a-123b-4fc5-8137-77033415112f,56ae5099-9903-415d-8a2f-c6c6380c8e9b,0,cloturee,0,2026-08-21 08:29:25.358309+00,2026-08-21 17:32:42.278614+00
2a7ed8e6-6acf-415d-b1a2-1df555d5acfa,7fd16429-1daa-4dde-a995-c5851e984909,8c581a4b-61eb-4570-ad30-2e3885813057,0,cloturee,0,2026-08-18 07:40:49.133694+00,2026-08-18 17:07:41.150215+00
b48831e6-eca4-4db7-ad59-cade4622331a,e4ff8251-3db1-4ae2-a65d-78fc70fac537,873bfd1f-4b35-4d72-b773-c6299c6d117c,0,cloturee,0,2026-08-22 07:28:56.210655+00,2026-08-22 17:43:01.945559+00
48334c90-be3c-4a0f-b861-9c0dd15ef01d,e4ff8251-3db1-4ae2-a65d-78fc70fac537,873bfd1f-4b35-4d72-b773-c6299c6d117c,0,cloturee,0,2026-08-18 07:19:38.187651+00,2026-08-18 17:10:43.182079+00
ecfcee41-895f-421e-b9a4-e666ecd63463,e4ff8251-3db1-4ae2-a65d-78fc70fac537,873bfd1f-4b35-4d72-b773-c6299c6d117c,0,cloturee,0,2026-08-18 17:11:58.759479+00,2026-08-18 17:12:10.235991+00
357f7388-9d57-4da5-94a4-5c27067bf4da,d1d89c1a-123b-4fc5-8137-77033415112f,56ae5099-9903-415d-8a2f-c6c6380c8e9b,0,cloturee,0,2026-08-18 08:31:57.978003+00,2026-08-18 17:13:17.271186+00
3e186023-2381-4547-89bf-46305f6264f1,d1d89c1a-123b-4fc5-8137-77033415112f,56ae5099-9903-415d-8a2f-c6c6380c8e9b,0,cloturee,0,2026-08-22 08:49:57.2983+00,2026-08-22 16:59:15.790227+00
8b7768ed-f5d0-4dd9-9e15-6cf64e71bdd0,e4ff8251-3db1-4ae2-a65d-78fc70fac537,873bfd1f-4b35-4d72-b773-c6299c6d117c,0,cloturee,0,2026-08-21 07:16:44.228968+00,2026-08-21 17:35:59.533455+00
a5ae0940-25e8-4c85-92f6-de41f29eaf24,519752d6-db70-4938-a329-f7502986de68,3435e834-1494-49c8-8613-6a6753415862,0,cloturee,0,2026-08-21 07:41:02.993618+00,2026-08-22 07:47:56.375853+00
78353a17-b8ba-4596-9b8d-4cf041999715,7fd16429-1daa-4dde-a995-c5851e984909,8c581a4b-61eb-4570-ad30-2e3885813057,0,cloturee,0,2026-08-20 17:38:23.390531+00,2026-08-21 16:17:19.546126+00
9192d921-ca05-469c-8ada-7fad28c0cd15,d1d89c1a-123b-4fc5-8137-77033415112f,56ae5099-9903-415d-8a2f-c6c6380c8e9b,0,cloturee,0,2026-08-19 09:42:12.66837+00,2026-08-20 17:01:11.594709+00
e6dba5a8-79cd-47eb-af50-119431f013f6,519752d6-db70-4938-a329-f7502986de68,3435e834-1494-49c8-8613-6a6753415862,0,cloturee,0,2026-08-19 11:46:30.143779+00,2026-08-20 11:22:51.57768+00
38964a1f-fac9-4f1f-b279-02501895da59,75af971e-d728-45a6-b46e-0a066dbef01f,639997fb-e739-4aac-a900-82a95973c5e3,0,cloturee,0,2026-08-20 07:50:16.807381+00,2026-08-20 17:06:19.551021+00
4a673571-6888-4cc6-a147-dab7482d4cca,75af971e-d728-45a6-b46e-0a066dbef01f,639997fb-e739-4aac-a900-82a95973c5e3,0,cloturee,0,2026-08-21 07:20:23.265042+00,2026-08-21 17:12:41.069396+00
0fd349b1-6d4f-4c23-8683-9cc12df5dd13,24161529-e693-466d-9b90-bdc537ceba9b,38c85a7a-d9be-415a-82b0-10a62ad404bc,0,cloturee,0,2026-08-20 07:24:00.276966+00,2026-08-20 17:20:42.480684+00
7a98c0d2-151e-4588-bf90-8068ad916a80,e4ff8251-3db1-4ae2-a65d-78fc70fac537,873bfd1f-4b35-4d72-b773-c6299c6d117c,0,cloturee,0,2026-08-20 07:11:58.7499+00,2026-08-20 17:27:54.607651+00
c99032b1-5478-4b18-aada-cfdbcdd595c1,64fa1f5a-43fa-4c58-9233-229b379a3c4a,16c0108f-a557-46ff-81c6-df6dae4e7c8b,12000,ouverte,0,2026-08-22 09:39:09.355224+00,
2dafb450-49ea-4ea1-95de-00a6bc209c2a,d1d89c1a-123b-4fc5-8137-77033415112f,56ae5099-9903-415d-8a2f-c6c6380c8e9b,8500,ouverte,0,2026-08-23 10:06:24.22989+00,
7551e675-758b-4fc2-8cb6-2a2572f56c2e,64fa1f5a-43fa-4c58-9233-229b379a3c4a,16c0108f-a557-46ff-81c6-df6dae4e7c8b,0,cloturee,0,2026-08-21 08:58:43.085735+00,2026-08-21 18:16:35.200602+00
a786365f-9d71-4775-addb-66a33b850968,7fd16429-1daa-4dde-a995-c5851e984909,8c581a4b-61eb-4570-ad30-2e3885813057,0,cloturee,0,2026-08-21 16:18:01.870761+00,2026-08-22 19:15:02.582333+00
d8f85187-528f-472d-8675-fd5b09224583,f9089d44-f620-4cf1-a6ef-1cdce0b7eddf,e7291eed-faf2-4804-994d-ca5977625f7a,0,cloturee,0,2026-08-22 07:46:18.410329+00,2026-08-22 17:53:19.527695+00
b643f3f6-2ca2-47bb-aa17-b9476de1b8c1,f9089d44-f620-4cf1-a6ef-1cdce0b7eddf,e7291eed-faf2-4804-994d-ca5977625f7a,0,cloturee,0,2026-08-21 08:00:09.234741+00,2026-08-21 18:44:28.985331+00
dc8afb32-cee6-4c34-a5c1-7d62f6039ca2,519752d6-db70-4938-a329-f7502986de68,3435e834-1494-49c8-8613-6a6753415862,5500,ouverte,0,2026-08-22 07:48:21.039449+00,
27b52f25-46c7-4cab-9c6a-3e8cd46941f2,d83e52d6-0b5b-4256-9dce-bd08f46ba93f,cc4bd8b3-27dd-4ea0-ac05-0e5c82e95189,8500,ouverte,0,2026-08-22 08:30:43.574832+00,
c1461a4d-d20a-4bc7-882b-316bb0c7304e,d83e52d6-0b5b-4256-9dce-bd08f46ba93f,cc4bd8b3-27dd-4ea0-ac05-0e5c82e95189,0,cloturee,0,2026-08-21 11:30:48.421268+00,2026-08-21 19:04:34.70627+00
fa4013cd-ad39-4d73-9d39-5ff6028dc61b,54ac35ca-0e59-4ebd-a6fb-b0b89b26ab97,60e62047-2b6d-4ce4-971a-2fc077d486b0,0,cloturee,0,2026-08-21 07:55:35.664129+00,2026-08-22 07:23:03.593604+00
34d455c4-f3bf-4a65-be58-f3feed0ea2a6,75af971e-d728-45a6-b46e-0a066dbef01f,639997fb-e739-4aac-a900-82a95973c5e3,0,cloturee,0,2026-08-22 07:14:34.384573+00,2026-08-22 17:09:08.959191+00
b7f934ce-20d9-4cae-a4cc-896d696b3918,24161529-e693-466d-9b90-bdc537ceba9b,38c85a7a-d9be-415a-82b0-10a62ad404bc,0,cloturee,0,2026-08-22 07:37:11.125565+00,2026-08-22 16:50:43.846411+00
a8218955-b25e-4762-98fa-42a6e17c0232,8e994bb2-eb43-4ef8-aa9f-1f59bfff30d6,20ed1188-6e90-4c5e-ac62-5827c553f29f,112500,ouverte,1000,2026-08-20 10:05:51.71784+00,
