id,roleId,userId,companyId,createdAt,countryId,assignedBy,assignedAt,gareId
3ec450a9-76c2-4781-8097-661e11eb9b03,184169a9-500e-4f23-bb16-ec8faa87f42f,ab726aaf-ca2b-42f2-a5e4-1b92a6256f98,1422ab71-4a45-45af-8e7c-4c72a2f9b296,2026-08-22 20:41:08.801923+00,,d8b2d654-3c92-4fb4-a52a-57012495d16d,2026-08-22 20:41:08.801923+00,
a3f350ae-9a93-4110-8f21-7a3019785122,eaa41ec4-8110-46a6-b19e-9810152de492,b30bbd1b-999c-4c4a-bdbf-0af71236ad01,1422ab71-4a45-45af-8e7c-4c72a2f9b296,2026-07-14 08:00:28.145642+00,,255d4a40-76db-461f-85d5-e70f33ee3f9f,2026-07-14 08:00:28.145642+00,
fc777d62-9789-487f-9863-bacad1e390b5,eaa41ec4-8110-46a6-b19e-9810152de492,d8b2d654-3c92-4fb4-a52a-57012495d16d,1422ab71-4a45-45af-8e7c-4c72a2f9b296,2026-07-16 16:22:28.415609+00,,,2026-07-16 16:22:28.415609+00,
fadeb3fc-5954-4bc3-94a5-514a4e608c68,764a0c48-3e8a-4ceb-b2bc-3de5068ac1ef,e9f75ad6-3f57-4936-a4f8-b879a5a7f993,1422ab71-4a45-45af-8e7c-4c72a2f9b296,2026-07-16 16:36:19.867287+00,,255d4a40-76db-461f-85d5-e70f33ee3f9f,2026-07-16 16:36:19.867287+00,ab03bc4b-05dd-4cf3-b6f0-f28d227a10ab
6d7384b3-83ba-4758-a63e-f6760ca5a30d,bf90e5dc-88a2-488c-bfa9-e1e279f93f60,3435e834-1494-49c8-8613-6a6753415862,1422ab71-4a45-45af-8e7c-4c72a2f9b296,2026-07-18 17:05:53.781249+00,,d8b2d654-3c92-4fb4-a52a-57012495d16d,2026-07-18 17:05:53.781249+00,
5c85b71c-d49d-4309-b758-82f4c3de34b8,bf90e5dc-88a2-488c-bfa9-e1e279f93f60,197b78d3-9187-4dbc-9f0b-282210f82325,1422ab71-4a45-45af-8e7c-4c72a2f9b296,2026-07-19 16:29:34.433806+00,,b30bbd1b-999c-4c4a-bdbf-0af71236ad01,2026-07-19 16:29:34.433806+00,
03eaef08-f561-4fcd-9258-ad3cc5d2e9f8,bf90e5dc-88a2-488c-bfa9-e1e279f93f60,56ae5099-9903-415d-8a2f-c6c6380c8e9b,1422ab71-4a45-45af-8e7c-4c72a2f9b296,2026-07-20 18:52:11.06573+00,,d8b2d654-3c92-4fb4-a52a-57012495d16d,2026-07-20 18:52:11.06573+00,
0e1b25d6-ecd2-4f38-a9f5-aa4aae4c28b1,184169a9-500e-4f23-bb16-ec8faa87f42f,b873184d-8ddb-416d-b54c-ad5266a9e99c,1422ab71-4a45-45af-8e7c-4c72a2f9b296,2026-07-21 15:34:55.822244+00,,d8b2d654-3c92-4fb4-a52a-57012495d16d,2026-07-21 15:34:55.822244+00,f9089d44-f620-4cf1-a6ef-1cdce0b7eddf
02e2a0a8-fd3c-4384-ae85-21fb857f09ea,bf90e5dc-88a2-488c-bfa9-e1e279f93f60,cc4bd8b3-27dd-4ea0-ac05-0e5c82e95189,1422ab71-4a45-45af-8e7c-4c72a2f9b296,2026-07-29 13:32:46.935971+00,,d8b2d654-3c92-4fb4-a52a-57012495d16d,2026-07-29 13:32:46.935971+00,
571a946d-db48-4d28-8016-85572e1ea7b0,bf90e5dc-88a2-488c-bfa9-e1e279f93f60,16c0108f-a557-46ff-81c6-df6dae4e7c8b,1422ab71-4a45-45af-8e7c-4c72a2f9b296,2026-07-30 15:24:43.151595+00,,d8b2d654-3c92-4fb4-a52a-57012495d16d,2026-07-30 15:24:43.151595+00,
0ef33cdc-4d13-4c4e-9167-362eca72a962,bf90e5dc-88a2-488c-bfa9-e1e279f93f60,873bfd1f-4b35-4d72-b773-c6299c6d117c,1422ab71-4a45-45af-8e7c-4c72a2f9b296,2026-07-30 17:53:12.176393+00,,d8b2d654-3c92-4fb4-a52a-57012495d16d,2026-07-30 17:53:12.176393+00,
2459c3a7-b358-43ef-929a-65344c40e883,bf90e5dc-88a2-488c-bfa9-e1e279f93f60,639997fb-e739-4aac-a900-82a95973c5e3,1422ab71-4a45-45af-8e7c-4c72a2f9b296,2026-07-30 17:58:40.3488+00,,d8b2d654-3c92-4fb4-a52a-57012495d16d,2026-07-30 17:58:40.3488+00,
38dc6ea6-628c-4914-81e1-e2fcfe0387dd,bf90e5dc-88a2-488c-bfa9-e1e279f93f60,8c581a4b-61eb-4570-ad30-2e3885813057,1422ab71-4a45-45af-8e7c-4c72a2f9b296,2026-08-01 13:51:38.403532+00,,d8b2d654-3c92-4fb4-a52a-57012495d16d,2026-08-01 13:51:38.403532+00,
464df747-3c9e-4df7-8f9d-a2138912e84d,6bce311a-82ec-4fb1-8a4b-bf5c120ba77a,ab726aaf-ca2b-42f2-a5e4-1b92a6256f98,1422ab71-4a45-45af-8e7c-4c72a2f9b296,2026-08-23 07:51:27.391521+00,,d8b2d654-3c92-4fb4-a52a-57012495d16d,2026-08-23 07:51:27.391521+00,
f1a18685-d95d-405d-ac02-f3ac02da5b39,af7a7bb5-094d-4c64-a82f-0512d8cb13c8,60e62047-2b6d-4ce4-971a-2fc077d486b0,1422ab71-4a45-45af-8e7c-4c72a2f9b296,2026-07-16 14:20:26.27026+00,,255d4a40-76db-461f-85d5-e70f33ee3f9f,2026-07-16 14:20:26.27026+00,7fd16429-1daa-4dde-a995-c5851e984909
13424ebb-a3e6-4567-923a-ec562f352f78,bf90e5dc-88a2-488c-bfa9-e1e279f93f60,61192864-9a53-429c-a38f-71cb61bfa055,1422ab71-4a45-45af-8e7c-4c72a2f9b296,2026-07-17 18:11:54.647758+00,,d8b2d654-3c92-4fb4-a52a-57012495d16d,2026-07-17 18:11:54.647758+00,
4accc605-64b2-464b-bdef-6a93d713244c,bf90e5dc-88a2-488c-bfa9-e1e279f93f60,e7291eed-faf2-4804-994d-ca5977625f7a,1422ab71-4a45-45af-8e7c-4c72a2f9b296,2026-07-17 18:31:04.71389+00,,d8b2d654-3c92-4fb4-a52a-57012495d16d,2026-07-17 18:31:04.71389+00,
ab2a0b9d-194f-47d1-9ba2-dcf6aba65609,bf90e5dc-88a2-488c-bfa9-e1e279f93f60,60e62047-2b6d-4ce4-971a-2fc077d486b0,1422ab71-4a45-45af-8e7c-4c72a2f9b296,2026-07-19 15:59:49.981262+00,,b30bbd1b-999c-4c4a-bdbf-0af71236ad01,2026-07-19 15:59:49.981262+00,
8616d336-7a0e-42d1-9bfc-50933cc524fa,184169a9-500e-4f23-bb16-ec8faa87f42f,3dbc6b28-d785-4477-a91c-9edc668ae77d,1422ab71-4a45-45af-8e7c-4c72a2f9b296,2026-07-20 08:39:10.597086+00,,d8b2d654-3c92-4fb4-a52a-57012495d16d,2026-07-20 08:39:10.597086+00,54ac35ca-0e59-4ebd-a6fb-b0b89b26ab97
63d7ffcb-43f0-4375-840c-4e0246ca2816,bf90e5dc-88a2-488c-bfa9-e1e279f93f60,20ed1188-6e90-4c5e-ac62-5827c553f29f,1422ab71-4a45-45af-8e7c-4c72a2f9b296,2026-08-01 16:21:34.565273+00,,d8b2d654-3c92-4fb4-a52a-57012495d16d,2026-08-01 16:21:34.565273+00,
8fad5d63-5666-4e5e-a389-f6978c5c3299,bf90e5dc-88a2-488c-bfa9-e1e279f93f60,38c85a7a-d9be-415a-82b0-10a62ad404bc,1422ab71-4a45-45af-8e7c-4c72a2f9b296,2026-08-01 17:45:58.039078+00,,d8b2d654-3c92-4fb4-a52a-57012495d16d,2026-08-01 17:45:58.039078+00,
1124ed3e-e4a4-4ef4-9cd7-21a222bc16c9,bf90e5dc-88a2-488c-bfa9-e1e279f93f60,85d813ad-43ac-4336-99aa-b4db2111f4ae,1422ab71-4a45-45af-8e7c-4c72a2f9b296,2026-08-01 19:00:27.573133+00,,b30bbd1b-999c-4c4a-bdbf-0af71236ad01,2026-08-01 19:00:27.573133+00,
f318ab99-f9c7-4b04-aa40-f65e96ee6af0,184169a9-500e-4f23-bb16-ec8faa87f42f,352598b5-076a-4e5f-83f7-d2e0d710dc6e,1422ab71-4a45-45af-8e7c-4c72a2f9b296,2026-08-04 21:00:14.272461+00,,b30bbd1b-999c-4c4a-bdbf-0af71236ad01,2026-08-04 21:00:14.272461+00,
3c5338da-5621-4019-8a83-b83d0d176a1c,6bce311a-82ec-4fb1-8a4b-bf5c120ba77a,a76b103c-736c-462d-8e1e-0617876d6a01,1422ab71-4a45-45af-8e7c-4c72a2f9b296,2026-08-04 21:19:27.841536+00,,b30bbd1b-999c-4c4a-bdbf-0af71236ad01,2026-08-04 21:19:27.841536+00,
5e77759f-76f3-459b-b1b3-14cad05cbd5b,6bce311a-82ec-4fb1-8a4b-bf5c120ba77a,d8b2d654-3c92-4fb4-a52a-57012495d16d,1422ab71-4a45-45af-8e7c-4c72a2f9b296,2026-08-05 09:13:10.516401+00,,d8b2d654-3c92-4fb4-a52a-57012495d16d,2026-08-05 09:13:10.516401+00,
0a70746b-4844-4812-bb1c-6ee0645d12d4,650bff1b-06d4-4fa7-bc9c-56cad8fb3d55,d8b2d654-3c92-4fb4-a52a-57012495d16d,1422ab71-4a45-45af-8e7c-4c72a2f9b296,2026-08-05 09:14:11.275522+00,,d8b2d654-3c92-4fb4-a52a-57012495d16d,2026-08-05 09:14:11.275522+00,
fa17676d-a797-44f8-9005-66c00cbfdad7,764a0c48-3e8a-4ceb-b2bc-3de5068ac1ef,85d813ad-43ac-4336-99aa-b4db2111f4ae,1422ab71-4a45-45af-8e7c-4c72a2f9b296,2026-08-15 17:09:38.12045+00,,d8b2d654-3c92-4fb4-a52a-57012495d16d,2026-08-15 17:09:38.12045+00,7fd16429-1daa-4dde-a995-c5851e984909
a57ee0e0-9f28-457f-8dc9-99b3660c3f0e,184169a9-500e-4f23-bb16-ec8faa87f42f,cecf34f4-3677-440e-b6dd-8f98722ff49b,1422ab71-4a45-45af-8e7c-4c72a2f9b296,2026-08-20 19:00:47.032044+00,,b30bbd1b-999c-4c4a-bdbf-0af71236ad01,2026-08-20 19:00:47.032044+00,
dbcbba59-1832-4ef2-9e29-bdfa9d4f645f,184169a9-500e-4f23-bb16-ec8faa87f42f,73e5dc58-d977-4418-8d41-d57c40270b12,1422ab71-4a45-45af-8e7c-4c72a2f9b296,2026-08-20 19:05:18.569931+00,,b30bbd1b-999c-4c4a-bdbf-0af71236ad01,2026-08-20 19:05:18.569931+00,
7a43ab03-9a1b-4f56-bacf-6c39645b2fdc,764a0c48-3e8a-4ceb-b2bc-3de5068ac1ef,60e62047-2b6d-4ce4-971a-2fc077d486b0,1422ab71-4a45-45af-8e7c-4c72a2f9b296,2026-08-22 14:32:05.660994+00,,b30bbd1b-999c-4c4a-bdbf-0af71236ad01,2026-08-22 14:32:05.660994+00,54ac35ca-0e59-4ebd-a6fb-b0b89b26ab97
4d12793d-af33-4d30-ad0c-8c06c0a6e956,764a0c48-3e8a-4ceb-b2bc-3de5068ac1ef,3435e834-1494-49c8-8613-6a6753415862,1422ab71-4a45-45af-8e7c-4c72a2f9b296,2026-08-22 14:34:02.482877+00,,b30bbd1b-999c-4c4a-bdbf-0af71236ad01,2026-08-22 14:34:02.482877+00,519752d6-db70-4938-a329-f7502986de68
993f57f9-2360-489d-a92c-fea80208af4b,6bce311a-82ec-4fb1-8a4b-bf5c120ba77a,2de71480-f42a-4f87-ad67-0bfcd8645771,1422ab71-4a45-45af-8e7c-4c72a2f9b296,2026-08-22 18:44:09.550509+00,,d8b2d654-3c92-4fb4-a52a-57012495d16d,2026-08-22 18:44:09.550509+00,
